order_time,rationale,strategy,entry_point,take_profit,take_profit_custom,stop_loss,stop_loss_custom,confidence_score,status,price_at_order,entry_time,entry_price,close_time,close_price,profit
2024-12-01 23:39:41+01:00,"The EUR/USD pair is currently influenced by a weaker U.S. dollar due to expectations of Federal Reserve rate cuts and geopolitical concerns such as proposed tariffs by the new U.S. administration. The Euro shows stability with underlying economic indicators such as a resilient labor market and moderate inflation pressures. The divergence in monetary policy expectations, with the Fed more likely to cut rates compared to the ECB's cautious approach, supports a potential bullish move for the Euro against the dollar. Technical analysis shows a bearish short-term outlook, but there are signs of a potential bullish reversal if resistance levels are breached.",buy,1.0581,1.0639,,1.0544,,4,pending,1.05474,,,,,
2024-12-01 23:42:39+01:00,"The U.S. dollar has recently shown weakness, particularly as the probability of a Federal Reserve rate cut in December remains high, signaling potential easing of monetary policy. Meanwhile, the Eurozone is experiencing a stable inflation rate, but growth signals are mixed, with the ECB cautious on rate cuts. Technical analysis indicates a short-term consolidation phase with a potential bearish sentiment. Given this backdrop, a short position in the EUR/USD pair appears favorable, especially if key support levels are breached. Current price action shows potential for further declines, especially with bearish momentum apparent across moving averages.",sell,1.056,1.053,,1.06,,3,pending,1.05474,,,,,
2024-12-02 00:22:35+01:00,"The overall economic indicators highlight contrasting trends between the Eurozone and the U.S. economies. The Eurozone shows a slight economic recovery, supported by GDP growth and stable inflation, while the ECB hints at cautious easing due to strong wage pressures. In contrast, the U.S. economy faces rising inflation alongside a potential slowdown, prompting the Federal Reserve to contemplate further rate cuts. Additionally, recent news indicates a weak U.S. dollar and geopolitical uncertainties, which could provide upward pressure on the EUR/USD pair. Technically, the pair has shown a bullish trend with key resistance levels just above the current price. Given these factors, a short-term bullish strategy targeting a breakout above resistance is advisable.",buy,1.059,1.065,,1.055,,4,pending,1.05474,,,,,
2024-12-02 02:02:36+01:00,"The EUR/USD is currently experiencing bearish sentiment due to Eurozone rate cuts and potential economic slowdowns in both the EU and US. However, given the recent bounce off significant support levels and the potential for a retracement, a short-term buy strategy targeting the upper resistance level may be profitable. This strategy also considers the anticipated Federal Reserve rate cut, which could weaken the USD further, providing upward momentum for EUR/USD.",buy,1.0545,1.06,,1.0515,,3,pending,1.05396,,,,,
2024-12-02 03:01:31+01:00,"Given the current bearish sentiment in the EUR/USD market, driven by robust U.S. economic indicators, potential U.S. interest rate cuts, and critical support levels being tested, entering a sell position could be profitable. The pair has displayed a strong downtrend with persistent lower highs and lows, and with the latest consolidation phase, a breakdown below key moving averages could trigger further declines.",sell,1.053,1.0483,,1.0563,,4,close,1.05352,2024-12-02 03:07:00+01:00,1.05296,2024-12-02 15:45:00+01:00,1.04822,47.46
2024-12-02 04:02:08+01:00,"Given the economic indicators, news, central bank announcements, and technical analysis, the overall sentiment for the EUR/USD is currently bearish in the short term. The US dollar's strength is being reinforced by expectations of a rate cut by the Fed, while the ECB has already reduced rates, yet remains cautious. Political instability in Europe, particularly in France, is also weighing on the euro. Technical analysis shows that the EUR/USD pair is near a critical support level, and a break below this could lead to further downside movement. With the current price at 1.0527, a break below this support around 1.0527 is likely, given the bearish sentiment and stronger dollar dynamics.",sell,1.0525,1.048,,1.055,,4,close,1.05274,2024-12-02 04:23:00+01:00,1.05241,2024-12-02 15:47:00+01:00,1.048,44.12
2024-12-02 05:00:47+01:00,"The EUR/USD pair is under pressure due to several factors: political instability in France impacting the Euro, a strong U.S. dollar bolstered by expectations of strong payroll data and potential rate cuts from the Fed, and EUR/USD hovering at key support levels with a bearish outlook. Given the economic indicators and technical analysis, it appears the euro could weaken further if the current support level breaks.",sell,1.0525,1.0483,,1.0565,,4,close,1.05252,2024-12-02 05:49:00+01:00,1.05241,2024-12-02 15:45:00+01:00,1.04822,41.92
2024-12-02 06:02:36+01:00,"The EUR/USD pair is in a bearish trend due to a combination of factors, including eurozone political instability, potential ECB rate cuts, and stronger US dollar due to political developments. Technical analysis indicates the pair is testing support levels, with further downside potential if these are breached. Current price action suggests the pair may move lower if it breaks below the 200-hour moving average.",sell,1.052,1.048,,1.0545,,4,close,1.05263,2024-12-02 06:20:00+01:00,1.05197,2024-12-02 15:47:00+01:00,1.048,39.69
2024-12-02 07:01:03+01:00,"Despite the recent bullish momentum indicated over a five-day period, the overall trend over the past three months remains bearish with lower highs and lows, and significant economic indicators suggest potential downside risks for the Eurozone. Given the ECB's recent rate cut and the Fed's optimism for further rate cuts, the interest rate differential may favor the USD, suggesting continued bearish potential for the EUR/USD pair. A technical support break at 1.0500 could align with this macro outlook, offering a potential selling opportunity.",sell,1.0515,1.045,,1.0545,,4,open,1.05263,2024-12-02 08:16:00+01:00,1.05141,,1.0502,12.15
2024-12-02 08:02:00+01:00,"Given the bear market indicators including political instability in France, U.S. dollar strength, a bearish technical analysis, and uncertainty surrounding ECB and Fed interest rate strategies, there is a strong indication that the EUR/USD could see continued downward pressure. The recent resilience around the 1.0520 level indicates this area is crucial; a break below it could trigger further declines.",sell,1.052,1.048,,1.0545,,4,close,1.05385,2024-12-02 08:15:00+01:00,1.05197,2024-12-02 15:47:00+01:00,1.048,39.69
2024-12-02 09:00:52+01:00,"The EUR/USD pair is currently experiencing bearish momentum due to a number of factors. The U.S. dollar is strong, driven by bullish sentiment following political comments and expectations of monetary policy adjustments. This strength is further bolstered by the lower than expected non-farm payrolls which suggest stability, and potential rate cuts by the Federal Reserve anticipated in upcoming meetings. In contrast, the Eurozone is facing political instability, particularly in France, and economic challenges despite recent GDP growth. The technical analysis indicates a bearish trend with the price currently testing critical support levels, making a break lower highly likely. Given these conditions, the strategy is to sell as the bearish outlook prevails.",sell,1.0505,1.048,,1.055,,4,close,1.05042,2024-12-02 09:06:00+01:00,1.05064,2024-12-02 15:47:00+01:00,1.048,26.43
2024-12-02 10:02:05+01:00,"The EUR/USD pair is currently influenced by several factors: political instability in France, weakening economic indicators in the Eurozone, and a strengthening U.S. dollar. Technical analysis confirms a bearish trend with the recent price action showing a series of lower highs and lows. Economic indicators signal potential rate cuts by the ECB, while the U.S. Federal Reserve is cautiously optimistic supporting potential further rate cuts. These fundamental insights, combined with the technical setup, suggest continued downward pressure on the EUR/USD pair. The price is hovering near key support at 1.0500, and a break below could trigger further declines.",sell,1.05,1.046,,1.0525,,4,open,1.05164,2024-12-02 13:54:00+01:00,1.04998,,1.0502,-2.21
2024-12-02 11:00:56+01:00,"The combination of political instability in France, a stronger U.S. dollar due to positive economic indicators, and a bearish technical outlook for EUR/USD suggests further downward pressure on the euro. The recent price action shows lower highs and lows, indicating continued bearish sentiment. The U.S. economic resilience and potential Fed rate cuts further support dollar strength, while the political risks in France can exacerbate euro weakness. The technical analysis confirms a bearish trend with a potential decline towards 1.0480 and below.",sell,1.0515,1.0465,,1.054,,4,close,1.05152,2024-12-02 11:03:00+01:00,1.0513,2024-12-02 17:04:00+01:00,1.04646,48.41
2024-12-02 12:02:09+01:00,"Given the political instability in France exerting pressure on the euro, combined with sustained strength of the U.S. dollar due to robust economic outlook and expectations of potential rate cuts, the EUR/USD pair is likely to face further downward pressure. The technical analysis shows a current bearish trend with the price settling around 1.0525, and a key support level identified at 1.0500. Additionally, significant FX option expiries around the 1.0500 level suggest pivotal support which could lead to increased volatility. With the possibility of breaking this support amongst the ongoing geopolitical concerns and a potential ECB rate cut, a bearish strategy is suggested focusing on potential further declines.",sell,1.0525,1.048,,1.054,,4,close,1.05252,2024-12-02 12:05:00+01:00,1.0523,2024-12-02 15:47:00+01:00,1.048,43.01
2024-12-02 13:01:05+01:00,"The EUR/USD pair is under pressure due to several macroeconomic factors and market dynamics. Political instability in France is a key factor contributing to euro weakness. Furthermore, the ECB's dovish stance and consideration of potential rate cuts further dampens the euro's outlook. In contrast, the U.S. dollar is strengthening due to a robust economic outlook and expectations of future interest rate cuts by the Federal Reserve, although seasonal trends in December may somewhat counteract the dollar's strength. Technically, the EUR/USD is exhibiting a bearish trend with critical support at the 1.0500 level, which coincides with significant FX option expiries. The potential break below this level could lead to further declines. Additionally, recent price actions suggest more selling pressure as EUR/USD tests the lower bounds of its trading range.",sell,1.05,1.046,,1.054,,4,open,1.05219,2024-12-02 13:54:00+01:00,1.04998,,1.0502,-2.21
2024-12-02 14:02:05+01:00,"The EUR/USD pair is currently experiencing a bearish trend due to several factors, including the strong performance of the US dollar backed by solid economic data and the anticipation of further rate adjustments by the Federal Reserve. Additionally, political instability in France is causing increased risk aversion towards the euro, substantiated by widening French-German bond yield spreads. Moreover, technical analysis indicates that the EUR/USD pair is testing the significant 1.0500 support level with potential for further declines if broken. Given the carryover of the USD's strength and euro weakness due to political instability, a short position is advantageous. However, caution is required given the technical support at 1.0500 and high FX option strike expiries suggesting volatility around this level.",sell,1.0505,1.048,,1.0525,,4,close,1.05075,2024-12-02 14:43:00+01:00,1.05042,2024-12-02 15:47:00+01:00,1.048,24.22
2024-12-02 15:00:55+01:00,"Currently, the EUR/USD pair is exhibiting a bearish trend driven by strong USD fundamentals and Eurozone uncertainties. The US dollar is gaining strength from robust economic data and potential for further Fed rate cuts, indicating positive sentiment for the USD. Meanwhile, the Eurozone is contending with economic stagnation and political instability in France, leading to increased pressure on the euro. Technical analysis also shows a bearish trend with weaknesses under key support levels. Given these factors, a short position is justified, capitalizing on the continued bearish momentum in the EUR/USD pair.",sell,1.05,1.047,,1.054,,4,close,1.05141,2024-12-02 15:25:00+01:00,1.04987,2024-12-02 16:02:00+01:00,1.04668,31.87
2024-12-02 16:02:23+01:00,"The recent economic indicators show that the Eurozone is facing potential economic weakness, with the ECB signaling possible rate cuts due to ongoing economic challenges and a rise in inflation. On the other hand, the U.S. economy remains robust, with some positive manufacturing data signaling economic resilience, and the dollar is gaining strength. Political instability in France is contributing to euro weakness, and the technical analysis shows a consistent bearish trend for the EUR/USD pair. With the current price around 1.0476 and expectations of a stronger dollar, a sell strategy is advised, capitalizing on further potential euro weakness driven by political and economic uncertainties.",sell,1.047,1.04,,1.052,,4,open,1.04679,2024-12-02 16:04:00+01:00,1.04701,,1.0502,-31.89
2024-12-02 17:01:06+01:00,"The EUR/USD pair is under consistent bearish pressure due to various factors. Firstly, the economic outlook for the Eurozone suggests further weakening, evident from slower GDP growth rates compared to the US, and there's potential for rate cuts by the ECB. This, combined with political instability in France and stronger US economic indicators, contributes to the EUR's weakness. Technical analysis supports a bearish outlook with a series of lower highs and lows, and the price moving close to critical support levels. Furthermore, the US dollar is strengthening on the back of better-than-expected manufacturing data and positive comments from US policymakers. Given this setup, selling at current market prices is favored, with an expectation for continuation of the downtrend.",sell,1.0475,1.045,,1.05,,4,close,1.0469,2024-12-02 17:12:00+01:00,1.04767,2024-12-02 18:23:00+01:00,1.05009,-24.2
2024-12-02 18:02:22+01:00,"The EUR/USD currency pair is currently facing bearish pressure due to a mix of economic and geopolitical factors. The economic divergence is apparent with stronger U.S. economic data and weaker Eurozone performance. Additionally, political instability in France is contributing to euro weakness, while positive developments in the U.S. are strengthening the dollar. Technical analysis shows a consistent downtrend with the EUR/USD breaking below key support levels, suggesting further downside potential. The widening yield spread between U.S. and German bonds also supports the dollar over the euro.",sell,1.0485,1.045,,1.0545,,4,open,1.04866,2024-12-02 18:05:00+01:00,1.04844,,1.0502,-17.62
2024-12-02 19:26:40+01:00,"Current economic indicators, central bank announcements, and the technical analysis all suggest a bearish outlook for the EUR/USD pair. The ECB's recent rate cuts reflect concerns over economic activity, while political instability in France is a downside risk for the euro. Additionally, the U.S. economy shows relative strength, with a potential for a hawkish Fed stance if inflationary pressures persist. Technical analysis indicates a series of lower highs and the potential for a support test around 1.04671. Given these conditions, a short position aligns with the prevailing bearish sentiment and current market dynamics.",sell,1.0494,1.036,,1.0543,,4,open,1.04943,2024-12-02 19:30:00+01:00,1.04932,,1.0502,-8.82
