order_time,rationale,strategy,entry_point,take_profit,stop_loss,confidence_score,status,take_profit_custom,stop_loss_custom,price_at_order,entry_time,entry_price,close_time,close_price,profit
2024-12-09 03:02:06+01:00,"The ECB is expected to cut rates by 25 to 50 basis points, which is typically bearish for the euro as it decreases interest rate differentials in favor of the USD. Meanwhile, the Fed is also expected to cut rates, but the US economy has been showcasing mixed data with strong job additions yet an increase in unemployment. This dual expectation may lead to increased volatility in the EUR/USD pair, but the overall economic indicators seem to slightly favor the USD.
Technical analysis shows a bearish short-term trend for EUR/USD, currently trading below significant resistance levels and forming lower highs and lower lows. Specifically, the resistance at 1.0580 has been noted as a key level that, if breached, could indicate a reversal, but failing to do so suggests further downside.
The support levels stand around 1.0550 and then 1.0520. Breaking below these would likely trigger more selling pressure. Given the recent bearish trend and patterns, the current price just above support, and the anticipation of ECB rate cuts, it seems prudent to prepare for a sell strategy on a breach of the 1.0550 support.
Economic events indicate that future releases such as the US Initial Jobless Claims and Trade Balance could instigate further movements in the EUR/USD if results differ widely from forecasts, potentially aggravating the bearish sentiment if US data is strong and ECB action is perceived as dovish.Given the ECB's impending rate cut, bearish technical signals, and mixed but potentially improving U.S. economic data, it is likely that EUR/USD will continue to experience downward pressure. The support level at 1.0550 is critical; breaking below this would confirm the continuation of the bearish trend, with the next target at 1.0520. Anticipate mixed volatility due to central bank expectations, but the immediate trend appears bearish.",sell,1.0545,1.05,1.058,4,close,,,1.05574,2024-12-09 04:51:00+01:00,1.0543,2024-12-09 11:09:00+01:00,1.05809,-37.93
2024-12-09 04:01:09+01:00,"Recent analysis shows a bearish trend in the EUR/USD currency pair across multiple timelines, particularly emphasized in the technical analysis. The bearish momentum is reflected in the 1-day, 5-day, and 3-month analyses, although there's mention of potential consolidation phases and key resistance levels like 1.0591 which, if broken, could negate this bearish sentiment temporarily. The short-term and medium-term trends confirm lower lows and highs, which is a classic indicator of bearish sentiment.
In the technical analysis within 1 day, the price shows a bearish trend with the current price at 1.0557 and a potential support level at 1.0550 being tested multiple times. If breached, this could lead to a drop towards 1.0530. On the other hand, holding above 1.0550 and reversal could target 1.0580, offering a counter-trend opportunity.
Looking at the 5-day technical analysis, although there's been a bullish move from a low of 1.0491 to a high of 1.0591, the recent retrace and inability to break higher clearly supports continuing bearish pressure. If the price fails to break the upper resistance level of 1.0591 or drops below the 1.0500 support, it reinforces the bearish trend.
On a larger scale, the 3-month analysis aligns with a bearish trend since September with a sequence of lower highs and lows. Currently at 1.0557, a break below the next support level of 1.0469 could lead to an even further drop, possibly reaching the psychological support at 1.0400.
Considering upcoming economic events, the market anticipates minor labor market softening and a reduction in the ISM Non-Manufacturing PMI. These events are upcoming in approximately 3.5 hours, so they will likely not immediately impact the current trend but could introduce volatility later. This setup suggests maintaining a close watch on these events as they could act as catalysts for further movements, potentially enhancing the bearish momentum if US data disappoints.Based on the technical analysis and the current bearish momentum, the short-term and longer-term trends point towards continued downward pressure on the EUR/USD unless key resistance levels are breached. Given the potential for a slight market softening reflected in the upcoming economic data, there is room for bearish sentiment to strengthen. A break below recent support at 1.0550 especially if market sentiment aligns after the economic data is released, offers a high probability setup. However, given the potential for a bullish reversal if 1.0550 holds, close monitoring is advised.",sell,1.0545,1.05,1.057,4,close,,,1.05585,2024-12-09 04:51:00+01:00,1.0543,2024-12-09 09:55:00+01:00,1.05719,-28.98
2024-12-09 05:01:41+01:00,"The recent news highlights that both the ECB and the Fed are expected to cut rates, but the euro could face more downward pressure due to its own rate cut expectations and mixed economic data from both regions. The U.S. job data was strong in terms of jobs added but also indicated a slight rise in the unemployment rate. This mix of signals could lead to volatility, but overall sentiment seems to lean towards a weakening euro, considering the technical data.
The technical analysis clearly indicates a bearish trend for the EUR/USD pair in the short-term as well as in longer time frames. Price action shows lower highs and lower lows, with strong resistance identified around the 1.0550 level and support around 1.0500 to 1.0469.
Economic events in the day ahead include jobless claims and other data that could influence market sentiment. Jobless claims are slightly higher than previous ones, indicating potential labor market softening, which may contribute to the dollar's strength relative to the euro amid existing news of European rate cuts.Given the bearish technical indicators and the economic news favoring a stronger dollar in the face of an anticipated ECB rate cut, it seems likely that the euro will face continued pressure. Additionally, upcoming U.S. economic data could further bolster the dollar's strength if it aligns with expectations of continued economic resilience.",sell,1.054,1.0469,1.057,4,close,,,1.05419,2024-12-09 05:04:00+01:00,1.05396,2024-12-09 09:55:00+01:00,1.05719,-32.31
2024-12-09 06:00:54+01:00,"The ECB is likely to cut rates, which will generally lead to a weakening of the Euro. The Fed is also expected to cut rates, but the market already seems more prepared for the Fed's move. The geopolitical tensions and strong U.S. jobs data add more complexity, likely supporting the dollar.
Technical analysis suggests a bearish trend for the EUR/USD, with the current price at 1.0537 close to a support level at 1.0530. A break below this could trigger further declines towards 1.0500.
Economic data shows weaker consumer spending in the Eurozone, which can put more pressure on the Euro. Upcoming U.S. economic data, if strong, could further support the dollar, pushing EUR/USD lower.
Both the ECB and Fed scenarios would traditionally weaken their respective currencies, but with the Euro showing signs of more significant weakness and rate cuts, the dollar could potentially strengthen against the Euro in the short term.Considering the anticipated ECB rate cuts, bearish technical trend, weaker Eurozone economic data, and potential USD strength from U.S. economic releases, a short position is attractive if EUR/USD breaks below the key support of 1.0530.",sell,1.0525,1.05,1.055,4,cancel,,,1.05374,,,,,
2024-12-09 07:02:41+01:00,"The US dollar is currently gaining strength, influenced by the potential rate cuts by the ECB and the possibility of a rate cut by the Fed. These expectations are aligning with economic indicators such as the US CPI, which will be pivotal in determining the strength of the dollar in the coming days.
The EUR/USD pair is in a bearish trend, with a recent decline from 1.0620 to 1.0541 and significant price action forming a descending channel. Short-term support is at 1.0530, and resistance is at 1.0560, indicating that sellers are in control.
Upcoming economic data, particularly the US Initial Jobless Claims and Factory Orders, are expected to impact market sentiment and could lead to increased volatility around 08:30. A higher-than-expected jobless claims number could weaken the dollar slightly.
Despite the potential for short-term volatility from economic data, the overall trend remains bearish for the EUR/USD pair. The technical analysis supports a bearish outlook with a target towards the 1.0500 level if the price breaks below the current support of 1.0530.Given the overall bearish trend, the strengthening US dollar due to central bank expectations, and the technical support levels, it is reasonable to expect further downside in the EUR/USD pair. A break below the 1.0530 support level, reinforced by upcoming economic data and major central bank decisions, could drive the pair lower towards the next support at 1.0500.",sell,1.0535,1.05,1.0565,4,cancel,,,1.05407,,,,,
2024-12-09 08:00:51+01:00,"The US dollar is currently showing strength, primarily driven by positive US employment data and expectations of rate cuts by the Fed. This has contributed to a recent decline in the EUR/USD pair.
The ECB is expected to cut rates by 25 basis points, which could weaken the euro further against the dollar. Meanwhile, the Fed is also expected to cut rates, but the stronger macroeconomic outlook for the US supports a stronger dollar in the short term.
Technically, the EUR/USD is in a bearish phase with a recent series of lower highs and lower lows. The current price is 1.0547, with immediate support at 1.0540 and a significant support level at 1.0469.
Upcoming economic data includes the EUR Retail Sales and USD Initial Jobless Claims. A negative surprise in EUR data could further pressure the EUR/USD, while US data will provide additional insight into the dollar's strength.
Considering the strong USD trend, bearish technical indicators, and the expectation of EUR weakness due to ECB policy, focusing on sell positions in EUR/USD seems prudent.The EUR/USD is under pressure due to a strong US dollar backed by positive economic data. The ECB's anticipated rate cut and current bearish technicals also support a sell strategy. Given the immediate support at 1.0540 and potential further declines, a sell position capitalizing on a break below key support levels is advisable.",sell,1.054,1.046,1.058,4,cancel,,,1.05496,,,,,
2024-12-09 09:01:21+01:00,"The US dollar appears stable but might weaken due to the high market expectation (85%) of a Fed rate cut in the upcoming December meeting. Despite some stable economic indicators in the US, such as improved initial jobless claims, the potential for a weaker labor market highlighted by an expected slowdown in nonfarm payrolls could reinforce the anticipation of a rate cut. Rate cuts typically lead to a weaker currency, suggesting the dollar may depreciate if the Fed follows through.
On the other hand, the European Central Bank (ECB) is also expected to cut rates, which might weaken the euro. However, political instability in France and the broader geopolitical concerns could add additional pressure on the euro, potentially contributing to its fall in value. Thus, the fundamental analysis suggests potential dollar strength relative to the euro, or at least a stalemate scenario where both currencies are under pressure.
Technical analysis indicates that the EUR/USD pair has been in a bearish trend, with the price struggling to break above resistance levels. The current close alignment with a support level at 1.0540 suggests this price point is critical. If the price breaks below 1.0540, it could indicate a continuation of the bearish trend, targeting a further decline towards 1.0500 or even lower.
Upcoming US economic data, particularly the nonfarm payroll and inflation numbers, will be pivotal. If these reports suggest weaker economic growth or less inflationary pressure, they could increase the likelihood of a Fed rate cut, subsequently leading to dollar depreciation. Conversely, strong data could support the dollar over the euro, aligning with the potential break of technical support levels.Given the strong expectation of a rate cut by the Fed, coupled with the potential ECB rate cut, the technical bearish trend of the EUR/USD pair, and the geopolitical and economic factors outlined, a short position on EUR/USD makes sense. The immediate support at 1.0540 is a critical level; a break below this could lead to continued selling pressure. The alignment of both fundamental and technical analyses suggests potential downside for the pair, making a sell strategy at the current market level with an entry near 1.0566 logical.",sell,1.0566,1.05,1.0585,4,close,,,1.05664,2024-12-09 09:07:00+01:00,1.05641,2024-12-09 11:18:00+01:00,1.05865,-22.37
2024-12-09 10:01:39+01:00,"The FX option expiries around the 1.0500 level suggest that it's a critical support/resistance level, particularly with such large notional amounts involved. This level will act as a psychological barrier and could see increased volatility as these options expire, potentially causing rapid movements near this mark. Additionally, a large strike below this level at 1.0400 could act as further support if 1.0500 is breached.
The US jobs report showed stronger growth, initially supporting the dollar, but the increasing probability of a December Fed rate cut of 90% has caused the dollar to weaken, potentially supporting the euro. This creates mixed signals for the EUR/USD; while short-term news supports the dollar, rate expectations are bearish for the dollar long-term.
Upcoming central bank meetings with expected rate cuts from both the ECB and the Fed contribute to market uncertainty. If both banks cut rates, the impact might balance out somewhat, though the extent of the moves and the market's interpretation will be crucial. If the Fed cuts as expected, the EUR could see upward pressure against the USD.
The current price of 1.0571 shows bearish trends in short term analysis but has found support around 1.0540-1.0550. The technical pattern indicates potential both for a rebound and further decline depending on short-term market reactions, particularly with the critical resistance level at 1.0585 and support at 1.0540.
The US Factory Orders and forthcoming CPI are crucial, with immediate attention on Factory Orders, which could sway the market's short-term direction. Strong data could brief support the dollar, while weak data may continue to pressure it, favoring the EUR/USD rising.Given the large option expiries around 1.0500, strong expectations for US rate cuts and the support levels established in technical analysis, there seems to be a stronger short-term case for the euro appreciating against the dollar. Especially if upcoming US economic data (like Factory Orders) indicates weakness, this could reinforce expectations of a Fed rate cut, further aiding a euro uptrend.",buy,1.055,1.0615,1.053,4,close,,,1.05708,2024-12-09 21:48:00+01:00,1.05496,2024-12-10 10:28:00+01:00,1.05296,-19.99
2024-12-09 11:01:13+01:00,"The EUR/USD pair is currently trading at 1.0570 and has shown a bearish trend in the immediate short term, with a support level identified around 1.0540 and resistance at 1.0585, according to the 1-day technical analysis. The presence of significant option expirations at 1.0500 (â‚¬5.7 billion) indicates strong support there.
Recent news highlights key macroeconomic factors influencing EUR/USD: strong US jobs data, with the expectation of a Fed rate cut in December, is creating anticipation in the markets. The ECB is also expected to cut rates, potentially weakening the euro. This fundamental backdrop suggests potential euro weakness or dollar strength in the near term.
Technical analysis over the past few days shows a short-term bullish movement from a low of 1.0491 to a high of 1.0591, suggesting bullish momentum that could resist immediate selling. However, the broader trend over three months is bearish, indicating potential long-term downside.
The geopolitical environment, alongside upcoming economic events such as US inflation data and ECB decisions, are likely to introduce volatility to the EUR/USD, potentially driving prices towards key option strike levels, especially at 1.0500, which aligns with technical support.
Given the mixed short-term bullish indicators but strong longer-term bearish outlook, alongside significant option barriers at lower levels, engaging in a sell strategy now could capitalize on potential downside risk as macroeconomic factors play out.The EUR/USD pair shows short-term bullish tendencies but is constrained by strong macroeconomic headwinds, including possible rate cuts by both the Fed and ECB, leaning towards an overall bearish outlook. Market participants are eyeing key option strike levels and upcoming economic events, which support a downside move. Consequently, entering a sell position is logical as it aligns with the broader bearish trend and the likelihood of increasing volatility around option strike deadlines.",sell,1.057,1.05,1.061,4,open,,,1.05708,2024-12-09 13:09:00+01:00,1.05686,,1.05296,38.95
2024-12-09 12:02:15+01:00,"The EUR/USD pair is currently trading at 1.0583. Recent technical analysis suggests a bearish trend in the short term, with resistance around 1.0585 and support at 1.0540. The broader trend over the past three months has been downward, forming a descending channel. Immediate price action indicates consolidation within 1.0550 and 1.0585.
From the recent news, we see that the markets expect a rate cut from both the ECB and the Federal Reserve. The probability of a Fed rate cut has surged, which typically could lead to dollar weakness, but speculative long positions indicate confidence in dollar strength, creating mixed signals.
Upcoming U.S. CPI data and ECB policy announcements are critical events. A stronger-than-expected U.S. CPI could bolster the dollar temporarily until actual rate decisions are announced. This uncertainty, combined with significant option expirations around key levels, suggests volatility.
Technical factors indicate bearish conditions with support at 1.0540. However, the potential for a bullish correction if prices break above certain resistances (like 1.0600) exists, especially in light of upcoming economic data.
Economic events such as U.S. Initial Jobless Claims and Trade Balance reports could influence the USD, with initial claims slightly expected to increase, potentially implying softening labor conditions.
Overall, the factors suggest holding a wait-and-see approach for clearer signals post-economic data release, but technicals tilt towards a bearish trend unless significant data shifts occur, particularly regarding U.S. CPI and ECB announcements.The EUR/USD shows technical bearish tendencies while news factors introduce a level of uncertainty with upcoming economic reports. Given the immediate support level of 1.0540 and the bearish trend, a sell strategy aligns with the technical conditions and mixed economic outlook. The potential for ECB dovishness and US inflation data adds to bearish pressures on the euro versus the dollar.",sell,1.056,1.05,1.06,4,open,,,1.05854,2024-12-09 20:28:00+01:00,1.05597,,1.05296,30.02
2024-12-09 13:01:05+01:00,"The news indicates a bearish outlook for the euro due to anticipated ECB rate cuts and political uncertainties in the Eurozone. However, there are expectations of a Fed rate cut, which could potentially weaken the USD.
Technical analysis for one day shows a bearish short-term trend, with strong support around 1.0540 and resistance at 1.0585. Within 5 days, there's a bullish pattern, but strong resistance is noted at 1.0590. Over the next 3 months, the trend remains bearish with a critical resistance at 1.0600 and potential support at 1.0500.
Upcoming economic events, specifically US Initial Jobless Claims, could impact EUR/USD probability of movement depending on deviations from forecasts.The EUR/USD is currently in a phase where multiple factors suggest volatility and potential bearish movements due to ECB actions and geopolitical tensions. However, the possibility of a Fed rate cut and economic data such as US Initial Jobless Claims could temporarily strengthen the euro if they surprise the market. Currently, technical indicators show strong resistance around 1.0600 and critical support at 1.0500. This creates an opportunity to short the EUR/USD near resistance levels if bearish signals are confirmed, while maintaining caution of a potential bounce from support levels.",sell,1.0585,1.052,1.0605,4,close,,,1.05708,2024-12-09 15:26:00+01:00,1.05854,2024-12-10 14:22:00+01:00,1.05197,65.7
2024-12-09 14:01:55+01:00,"The recent news indicates a mixed outlook for the EUR/USD. The weakening USD due to anticipated Fed rate cuts and the upcoming CPI data could support the euro. However, geopolitical tensions and anticipated ECB rate cuts add complexity. Technical analysis presents conflicting short-term and medium-term trends, with a recent bearish trend but a potential bullish sentiment in the very short term (5 days).
In the current technical setup, EUR/USD is trading at 1.0566, with immediate short-term resistance at 1.0586 and support at 1.0542. The key trend direction varies within different time frames, but overall indicates bearish movement over the past months with slight bullish sentiment more recently.
Economic events highlight US factory orders and past data suggesting strength in the USD. Past positive surprises in US economic indicators might influence expectations for upcoming data.
Based on the conflicting information, it seems that there is potential for short-term bullish movement, aided by the recent weakening in the USD and potential positive surprises in European data like the German Trade Balance. However, caution is warranted due to ECB rate cuts and technical bearish signals over longer periods.The strategy is a short-term buy due to the possibility of EUR/USD testing resistance at 1.0586 amid USD weakness and geopolitical uncertainties that may cause dollar interruptions. However, longer-term technical indications and economic fundamentals suggest caution and the presence of a counter bearish trend in the overall market.",buy,1.0546,1.0586,1.053,3,close,,,1.05675,2024-12-10 09:14:00+01:00,1.05452,2024-12-10 10:28:00+01:00,1.05296,-15.54
2024-12-09 15:01:08+01:00,"The recent news indicates a potential weakening of the USD due to anticipated Fed rate cuts and the focus on labor market conditions. A weak USD typically supports a stronger EUR/USD. However, the ECB is also expected to cut rates, which could neutralize some of the upward pressure on the EUR.
The geopolitical tensions are leading to a preference for safe-haven currencies like the USD, which may limit the EUR's strength despite the USD weakness. This adds an element of uncertainty in the EUR/USD direction.
Technical analysis within a one-day outlook shows a descending triangle pattern with bearish trends. The EUR/USD is facing resistance at 1.0585 to 1.0590 and a support level at 1.0540. The price is struggling to maintain above 1.0580, indicating possible further downside.
The five-day technical outlook suggests a bullish trend with higher highs and lows. If the price holds above 1.055, it may target the 1.060-1.062 range. However, a drop below 1.055 could indicate a reversal to a bearish trend.
The three-month technical analysis aligns with a bearish overall trend, with the possibility of testing support at 1.0500. A break below this could lead to further declines towards 1.0400, but if it holds, a bounce back to 1.0600-1.0650 could occur.
Recent EUR economic data is weaker with retail sales declining, while US data is stronger with better-than-expected jobless claims and factory orders. This gives a slight fundamental edge to the USD, contributing to a mixed picture for EUR/USD.Given the technical analysis that highlights both bearish short-term patterns and a possible support near 1.0500, combined with recent stronger-than-expected USD economic data, a cautious short position is advisable. This takes into account the existing downward pressure while being wary of any sudden technical reversals near key support levels.",sell,1.058,1.05,1.0605,3,open,,,1.05831,2024-12-09 15:06:00+01:00,1.05787,,1.05296,49.01
2024-12-09 16:02:44+01:00,"The EUR/USD pair is testing critical moving average levels. A break below 1.0530 suggests a bearish outlook, while a move above 1.06097 suggests bullish sentiment. With the current price at 1.0581, we're closer to the upper boundary, indicating a potential bullish breakout.
Strong job growth in the U.S. and anticipated Fed rate cuts could weaken the USD, benefiting the EUR. Conversely, ECB rate cuts could exert downward pressure on the EUR. However, with an 85% expectation of a Fed rate cut, the USD may weaken more prominently.
Geopolitical tensions are causing volatility and increased demand for safe-havens like gold, suggesting unease in USD holdings and potentially benefitting the EUR.
The technical analysis suggests a bullish short-term outlook with a price above the pivot point and moving averages signaling a buy. Immediate resistance is at 1.06173, with potential movement towards R2 (1.06672) if this is broken.
Upcoming U.S. economic data (Jobless Claims and Factory Orders) could impact the USD. If Jobless Claims rise more than expected and Factory Orders increase, this could paint a mixed picture for the USD, introducing temporary volatility.Considering the high probability of a Fed rate cut and current technical indicators suggesting potential bullish momentum, a buy strategy is supported. The EUR/USD is likely to test higher resistance levels if bullish sentiment persists, especially given potential USD weakness from upcoming economic events.",buy,1.0582,1.0665,1.0545,4,close,,,1.05775,2024-12-09 16:06:00+01:00,1.05831,2024-12-10 09:15:00+01:00,1.05441,-39.06
2024-12-09 17:01:12+01:00,"The EUR/USD pair is currently hovering around significant technical levels between 1.0530 and 1.0540, indicating potential for directional changes depending on upcoming events. While there has been bullish momentum pushing the pair upwards to 1.0594, significant resistance is expected around the 1.0600 level. The price action suggests a short-term bullish trend, but the broader three-month trend remains bearish.
The upcoming US Consumer Price Index (CPI) data is crucial as a higher-than-expected result may strengthen the dollar, potentially pushing EUR/USD downwards. Meanwhile, market sentiment is relatively stable around $1.0566, suggesting consolidation ahead of this data.
The ECB is expected to cut rates, which could further weaken the euro. Given this, as well as the potentially stronger dollar from the CPI, there is underlying pressure for the EUR/USD to move lower.
Current economic data shows weaknesses in the German manufacturing sector, contrasted by stable US job and trade data, which could support a stronger dollar in the short term.The consolidation seen around 1.0566 in anticipation of US CPI data, combined with weak German factory orders and potential ECB rate cuts, suggests that downside risks outweigh upside potential. If the CPI is high, the US dollar is likely to appreciate, pushing EUR/USD below critical supports. However, the bullish technical formation could hold until significant data release, providing a short-term buying opportunity until the data brings clarity.",buy,1.056,1.06,1.053,4,close,,,1.05955,2024-12-09 20:28:00+01:00,1.05597,2024-12-10 10:28:00+01:00,1.05296,-30.02
2024-12-09 18:02:27+01:00,"The recent news suggests a mix of economic indicators that could impact the EUR/USD pair. The potential tariffs from the U.S. could introduce volatility and uncertainty, which may negatively affect the USD. Inflation expectations are mixed, with a potentially dovish Federal Reserve stance if inflation eases. However, rising consumer earnings expectations could support the USD. The anticipation of rate cuts from the Fed could weaken the USD if inflation continues to ease.
Technical analysis indicates a short-term bullish trend for the EUR/USD within the past few days, with an upward trend since December 5th. However, the price is still facing resistance around 1.0600 and support at 1.0550. In the broader three-month perspective, the pair is in a downtrend, suggesting the recent bullish trend may just be a short-term correction.
Economic events to monitor include the U.S. Initial Jobless Claims and Factory Orders, which could influence market volatility. The Jobless Claims forecast shows a slight increase, indicating potential softening in the labor market, which may pressure the USD.
Considering the mix of signals from news and technical analysis, the EUR/USD could see a short-term bullish continuation towards 1.0600, provided it breaks the resistance at 1.0586 with strong volume. However, the broader bearish trend and upcoming economic data suggest the need for caution.The mix of economic and technical indicators suggests a cautious approach. While short-term bullish signals exist, the overall trend is bearish. A break above the short-term resistance at 1.0586 with strong volume indicates potential for a short rally, but the broader bearish trend and economic data warrant caution. The strategy aims to capitalize on a short-term potential breakout while managing risk with a tight stop loss.",buy,1.0586,1.06,1.056,3,cancel,,,1.05753,,,,,
2024-12-10 03:02:32+01:00,"The U.S. CPI report is anticipated, with the market expecting a Fed rate cut. This could strengthen the dollar if inflation remains stable or declines, impacting EUR/USD negatively. Conversely, a stable euro zone amidst looming ECB rate cuts might not drop severely unless other triggers occur, like data surprises or geopolitical events.
Geopolitical tensions may further bolster the dollar as a safe haven, given the instability in the Middle East. This could impact EUR/USD as the dollar might gain strength during periods of uncertainty.
Technically, the EUR/USD faces resistance around 1.0588 to 1.0600, with support at 1.0537. The recent consolidation suggests a potential bearish trend if support at 1.0537 fails or if the market conditions weigh heavily.
Commodity price influences, like rising oil and gold due to geopolitical tensions and Chinese stimulus policies, can affect the dollar. Rising commodity prices often correspond with a stronger dollar, adding pressure on EUR/USD.
Considering technical and fundamental perspectives, the short-term bearish outlook is evident. A break below the key support of 1.0537 aligns with further downside potential.With both fundamental and technical indicators suggesting potential dollar strength and EUR weakness, a strategy aligned with selling EUR/USD given the environment of a likely U.S. CPI fueled rate cut, geopolitical risks adding dollar strength as safe haven, and a bearish technical pattern indicating further downside upon breaching 1.0537 support.",sell,1.0535,1.05,1.058,4,open,,,1.05597,2024-12-10 10:07:00+01:00,1.05341,,1.05296,4.44
2024-12-10 04:01:05+01:00,"The recent news highlights expectations for a Fed rate cut of 25 basis points in December, with inflation data being critical. If inflation remains steady, it could alter rate cut expectations and affect the dollar's strength. However, the ECB is also expected to announce a rate cut, potentially weakening the euro. Geopolitical risks are adding to market volatility, which can influence safe-haven flows into the dollar. Technical analysis shows the EUR/USD trading near key resistance at 1.0586-1.0609 and support at 1.0540-1.0537, with a potentially bullish reversal pattern forming if resistance is broken.
The technical analysis across various time frames indicates a mixed outlook. Short-term analysis suggests a sideways to slightly bullish trend, but medium-term analysis indicates a bearish undertone with potential for further declines. Significant levels include a break above 1.0586-1.0594 for bullish momentum and below 1.0540 for bearish opportunities. Given the current environment, price action around these levels is critical for determining market sentiment.
Economic events focus on upcoming U.S. data releases, which could influence market sentiment. Better-than-expected U.S. jobless claims and trade balance figures suggest USD strength, which might offset expectations of a Fed rate cut. Upcoming data releases at 08:30 are likely to be market movers, especially the factory orders report, implying potential volatility around these times.
Combining insights from news, technical analysis, and economic events, the EUR/USD is currently showing potential for a bullish move if technical resistance is broken. However, stronger-than-expected U.S. economic data could reinforce USD strength, pushing the pair lower.Given the mixed economic indicators and recent price action near key technical levels, we are inclined to sell EUR/USD in anticipation of potential USD strength due to stronger-than-expected U.S. economic data releases, despite expectations of a Fed rate cut. The bearish tone in medium-term analysis supports this strategy.",sell,1.055,1.05,1.06,3,open,,,1.05563,2024-12-10 08:59:00+01:00,1.05496,,1.05296,19.99
2024-12-10 05:02:19+01:00,"Based on the recent news, the market is anticipating rate cuts from both the Federal Reserve and the European Central Bank, which is typically bearish for the respective currencies. The anticipated ECB rate cut is more likely to weaken the euro against the dollar, especially considering that the Fed rate cut is tied to a cooling labor market despite the recent strong employment data. Geopolitical tensions are causing a risk-off sentiment, which generally strengthens the dollar as a safe haven currency. The current technical analysis suggests the EUR/USD is close to crucial levels, indicating potential volatility.
In the technical analysis for the 1-day and 5-day outlook, the price is showing signs of consolidation with a slight upward movement, but strong resistance is noted at 1.0586 and 1.0590. The 3-month analysis shows a bearish trend, with lower highs and lower lows, suggesting a stronger potential for continued downward movement unless significant technical thresholds are breached.
When examining economic events, past US economic data has been stronger than expected, such as the initial jobless claims and factory orders, supporting a stable economic outlook for the US, reducing the likelihood of aggressive Fed actions. This could maintain strength for the USD. Since the EUR has experienced weaker retail figures, this further supports potential for EUR weakness.
The technical outlook aligns with a sell strategy given the predominant bearish trend in the 3-month analysis and the inability to break past strong resistance on shorter time frames. The fundamental analysis from economic and geopolitical insights also supports USD strength over EUR.The current market conditions show that EUR/USD is at a critical juncture. The ECB is anticipated to cut rates, which may weaken the euro. Meanwhile, the US economy's resilience as per recent data might delay aggressive rate cuts by the Fed, supporting USD strength. Technically, the price faces strong resistance around 1.0586-1.0590, and the overall longer-term bearish trend suggests an opportunity to capitalize on further EUR weakness.",sell,1.0561,1.05,1.0605,4,open,,,1.05597,2024-12-10 05:04:00+01:00,1.05619,,1.05296,32.25
2024-12-10 06:00:53+01:00,"The recent U.S. economic data shows strong employment numbers, suggesting a resilient economy despite the slight uptick in unemployment. This has led to increased market expectations for a Fed rate cut, which is generally bearish for the USD. This could provide upward pressure on the EUR/USD, suggesting potential buying opportunities if the support levels hold.
The ECB is also expected to cut rates, which could weaken the euro. The impact on the EUR/USD will depend on the relative magnitude of the expected USD weakness versus EUR weakness. Given that both the Fed and ECB are leaning towards easing, the pair is likely to be influenced by broader market sentiment rather than just individual central bank policies.
Geopolitical risks and higher commodity prices, driven by tensions in the Middle East, may lead to risk-off behavior, which traditionally supports the USD due to its safe-haven status. This factor could counteract or dampen the impact of anticipated rate cuts on the dollar's value.
The EUR/USD technical analysis indicates a slight upward bias with critical support at 1.0550 and resistance at 1.0594. A consistent hold above 1.0550 could indicate potential for the pair to test higher resistance levels, given that recent price action suggests minor bullish tendencies.
Technical indicators over the short to medium term suggest a slightly bullish outlook, with potential resistance around 1.0600-1.0617. The presence of higher lows further supports a cautious bullish stance, assuming no adverse economic surprises.
Upcoming U.S. economic events, particularly the Consumer Price Index and Initial Jobless Claims, will be key to determining short-term sentiment. Positive surprises in these indicators could strengthen the USD, reversing the current slight bullish outlook for the EUR/USD pair.The combination of anticipated Fed and ECB rate cuts, geopolitical tensions, and the current technical setup suggests a limited window for a bullish move in EUR/USD. Given the consolidation phase near support levels and the potential for upward movement, a cautious buy strategy is warranted. However, this strategy is highly contingent on the pair holding the critical support level of 1.0550 and showing sustainable buying pressure.",buy,1.0565,1.0617,1.053,3,close,,,1.05608,2024-12-10 06:49:00+01:00,1.05652,2024-12-10 10:28:00+01:00,1.05296,-35.6
2024-12-10 07:02:16+01:00,"The recent U.S. economic indicators show mixed signals. Although job growth is strong, the rising unemployment rate suggests economic weaknesses, influencing the Fed's monetary policy. The high probability of a Fed rate cut in December could weaken the USD, but the immediate impact is uncertain until CPI data releases. In contrast, the ECB is also expected to cut rates, potentially creating a neutral or slightly bearish outlook for the EUR/USD due to their respective dovish stances.
Geopolitical risks, particularly in the Middle East, are causing cautious global sentiment, leading to higher oil and gold prices. These risks could bolster the USD as a safe haven and weaken the euro indirectly. However, this effect is primarily seen in increased volatility rather than direct currency pair movements unless geopolitical tensions escalate further.
Technical analysis of the EUR/USD shows a bearish trend, with the pair trading around 1.0564. There's a consolidation pattern near 1.0560, indicating indecision. Immediate resistance at 1.0580 and support at 1.0540 are critical. The break below 1.0540 could signal further downside, while a break above 1.0580 might suggest a reversal. However, the overall trend remains bearish, suggesting short positions could be more favorable if resistance levels are tested.
Upcoming U.S. economic releases, including Initial Jobless Claims and Factory Orders, could cause volatility. Forecasts suggest a potential weakening in the labor market and manufacturing, which might support the dollar in the short term if the data comes in weaker than expected. Traders should be cautious around these announcements, as any deviation from expected data could lead to quick market movements.Given the bearish technical trend and recent economic data, the strategy is to capitalize on the bearish momentum unless key resistance at 1.0580 is breached, indicating a reversal. The expected weak U.S. economic data could momentarily strengthen the USD, thus supporting a bearish outlook.",sell,1.056,1.053,1.0585,4,close,,,1.05652,2024-12-10 08:23:00+01:00,1.05597,2024-12-10 10:28:00+01:00,1.05296,30.02
2024-12-10 08:00:56+01:00,"The recent price action shows the EUR/USD pair with a slight bullish trend in the short term. It has been oscillating between 1.0551 and 1.0594, with current levels around 1.0570. The short-term technical outlook over 5 days suggests a bullish trend, as indicated by higher highs and higher lows. However, the overall trend over 3 months is bearish, suggesting caution in maintaining long positions. The resistance at 1.0594, and more broadly, the 1.0600 level, appears to be a significant barrier. In the absence of major news events, technical levels will likely drive immediate price moves.
Economic events could introduce volatility, particularly with the upcoming German Factory Orders and US economic data announcements. A decline in the German Factory Orders could weaken the EUR, potentially driving the pair lower toward the support at 1.0550 or below. Meanwhile, positive US data like improved Initial Jobless Claims or favorable Trade Balance figures could strengthen the USD, pushing EUR/USD lower.
The technical analysis suggests that the critical levels to watch are 1.0551 for support and 1.0600 for resistance. Given the slight bullish sentiment in the very short term but a broader bearish outlook over three months, a disciplined approach should involve monitoring these levels. The neutral to bearish long-term outlook, combined with supportive data from the US, could influence downside movements.The technical environment suggests a range between 1.0550 and 1.0590, with the recent price action indicating potential bullish momentum. However, the overarching bearish trend over the last three months, coupled with potential negative EUR data from German Factory Orders and positive USD influence from US economic releases, suggests there's a higher probability for a downturn after testing resistance levels near 1.0590.",sell,1.059,1.053,1.0615,4,pending,,,1.05686,,,,,
2024-12-10 09:02:05+01:00,"The U.S. dollar is currently strong due to expectations of a rate cut by the Fed and China's shift to looser monetary policy, which increases demand for the dollar as a safe haven. This creates upward pressure on the dollar. The expectation of ECB rate cuts further weakens the euro. The overall environment suggests a bearish pressure on the EUR/USD in the short term.
Technically, the EUR/USD price has been showing a bearish trend with lower highs and lows, indicating continued downward momentum. Immediate support is observed at 1.0550, and resistance at 1.0580. A break below 1.0550 could lead to further declines towards 1.0530.
Future economic events highlight potential volatility. German Factory Orders and USD Unemployment Claims are key data points. Depending on the data outcome, the EUR/USD could see significant movement. A stronger euro data outcome could provide temporary support, but the overall trend remains bearish.Considering the strong U.S. dollar, expectations of rate cuts, and the bearish technical patterns, a short position on EUR/USD is favorable. However, the technical support at 1.0550 and upcoming German economic data release suggest waiting for confirmation of a break below 1.0550 before entering. The strategy will focus on capturing further bearish movement towards 1.0530, with a stop loss to limit potential upward reversals, especially given the U.S. unemployment claims data release.",sell,1.0545,1.0525,1.057,4,close,,,1.05485,2024-12-10 09:15:00+01:00,1.05441,2024-12-10 14:15:00+01:00,1.05241,19.97
2024-12-10 10:01:17+01:00,"The recent news suggests dollar strength due to the upcoming U.S. CPI report and anticipated Federal Reserve policy adjustments. The shift in China's monetary policy could also bolster the dollar by making it a more attractive safe haven. The technical analysis indicates a bearish trend in the EUR/USD, with potential continuation given the series of lower highs and lows. Significant price patterns such as a potential bearish flag and resistance at 1.0565 also point towards a bearish sentiment. The economic events, including the strong German Trade Balance and stable US labor market data, support both the Euro and the Dollar, though the stronger USD could prevail given the overall sentiments from the news.
The analysis of the 1-day and 5-day technical outlook suggests a bearish trend with critical levels around 1.0500 and 1.0565. The price action suggests that a break below 1.0500 could lead to further declines, possibly to 1.0480 or lower. The 3-month trend analysis confirms the bearish trend with support identified at 1.0500, and a potential target below this level at 1.0460 if the selling pressure persists.
Considering the economic events, the stronger-than-expected German Trade Balance could help the Euro in the short term, but ongoing US strength is likely to outweigh this. The stable US labor market and stronger factory orders suggest continued dollar strength, especially if the CPI data aligns with expectations, which might further depreciate the EUR/USD pair.Given the confluence of dollar strength expected from US economic indicators, and technical indicators favoring a bearish trend, the strategy focuses on taking advantage of further downside potential. The strength of the US dollar in the upcoming CPI report, coupled with the bearish technical trend and critical support levels being tested, supports a sell strategy. A break below the 1.0500 level would serve as a confirmation for this bearish anticipation, targeting even lower support, given the potential for continued dollar strength. The stop loss is positioned above the recent resistance level to account for market volatility.",sell,1.0535,1.046,1.0565,4,open,,,1.05374,2024-12-10 10:07:00+01:00,1.05341,,1.05296,4.44
2024-12-10 11:02:30+01:00,"The anticipation of the U.S. CPI data suggests a potential impact on the Federal Reserve's monetary policy. If core inflation remains stable at 3.3%, it could imply a potential rate cut, which might weaken the USD. However, the same news piece suggests that there is speculation on a potential rate hike. The impact on the USD could vary based on the actual data compared to predictions.
The ECB's potential dovish stance could further weaken the Euro as the market anticipates possible rate cuts. This is contributing to a bearish outlook for the EUR, which could lead to a weaker EUR/USD pair unless offset by Federal Reserve actions.
Geopolitical factors and China's policy shifts could strengthen the USD as investors flock to it as a safe haven, potentially leading to a bearish impact on the EUR/USD pair.
Technical analysis within a day and short-term (5 days) both indicate a bearish trend for EUR/USD with significant support levels around 1.0533 and further at 1.04755. Oscillators show oversold conditions, suggesting caution for further declines without a corrective bounce.
Upcoming significant U.S. economic data releases such as Nonfarm Payrolls and the Unemployment Rate could add volatility and drive short-term price movements. Better-than-expected data might strengthen USD, further pressuring the EUR/USD.
From the technical perspective, with the current price at 1.0534 being below pivotal and key moving averages, the bearish trend is supported by technical indicators. Oscillators indicate potential oversold conditions; however, momentum still favors selling.Given the fundamental bearish outlook due to ECB dovishness and technical indicators showing a bearish trend alongside geopolitical factors supporting USD as a safe haven, a sell strategy is justified. However, attention to U.S. economic data releases is crucial, and oversold conditions present a risk of a corrective bounce.",sell,1.0534,1.0475,1.0555,4,open,,,1.05374,2024-12-10 11:20:00+01:00,1.0533,,1.05296,3.33
2024-12-10 12:01:11+01:00,"The technical analysis indicates a strong bearish trend for the EUR/USD pair over multiple timeframes (1 day, 5 days, and 3 months). The price has been consistently forming lower highs and lower lows, and key support and resistance levels have been identified. The immediate support is at 1.0500, with the next support level at 1.0450. Resistance is around 1.0550. The lack of bullish momentum suggests potential for further declines, especially if the price breaks below the 1.0500 level.
Recent economic events show mixed signals. The significant decline in German Factory Orders indicates economic weakness in Germany, which could pressure the EUR. In contrast, US data shows relative stability with better-than-expected Initial Jobless Claims and an improved Trade Balance. This backdrop favors USD strength against the EUR.
Future economic events, particularly the US Factory Orders, could impact market sentiment. If US Factory Orders data is strong, it could further boost USD strength, aligning with the current bearish technical outlook. Traders should be mindful of these upcoming data releases as they could lead to increased volatility.
Given the strong bearish technical indicators and the economic context favoring USD strength, a short position could be profitable under the condition that EUR/USD breaks below the 1.0500 level.The combination of bearish technical indicators across short and long-term frames and the relative economic performance metrics support a continuation of downward pressure on EUR/USD. Both past and expected economic releases favor a stronger USD, aligning with the technical setup for selling opportunities at crucial breakdown levels.",sell,1.0495,1.045,1.053,4,pending,,,1.05285,,,,,
2024-12-10 13:02:33+01:00,"The information provided highlights significant strength in the US dollar, primarily driven by expectations of a hawkish Federal Reserve and improved US economic indicators. The dollar's strength is evident from the increase in the dollar index and resilient economic indicators such as jobless claims data and small business optimism. On the other hand, the euro is under pressure due to anticipated rate cuts from the ECB, which adds to its bearish outlook.
Technical analysis confirms the bearish trend for the EUR/USD pair across multiple timeframes. The 1-day and 5-day analyses both indicate a pattern of lower highs and lower lows, with immediate resistance around 1.0570 and support at 1.0500 and 1.0530, respectively. The 3-month analysis also aligns with this bearish outlook, showing significant downward momentum from earlier levels of 1.1038.
Economic events suggest potential for further USD strength, as upcoming US labor market data could reinforce Fed's hawkish stance. The euro is affected by weaker retail sales, overshadowed by positive German factory orders.
Given the overall sentiment and technical analysis, the EUR/USD is likely to continue its bearish trend, unless significant changes occur in the expected ECB and Fed policies or a drastic shift in upcoming economic data. Immediate support levels around 1.0530 and potential further decline toward 1.0500 and 1.0460 make short-selling a viable strategy.Considering the strong bearish trend in the EUR/USD pair, the anticipated divergence in monetary policy favoring the USD, and the technical analyses suggesting further downside potential, a sell strategy is appropriate. The upcoming US labor market data is expected to support USD strength, while ECB rate cut expectations weaken the euro.",sell,1.0525,1.046,1.0575,4,open,,,1.05319,2024-12-10 14:15:00+01:00,1.05241,,1.05296,-5.54
2024-12-10 14:01:07+01:00,"The recent news suggests a stronger US Dollar due to the Federal Reserve's hawkish stance and strong small business sentiment in the US. The anticipation of ECB rate cuts and shifts in policy language create a bearish outlook for the Euro.
Technical analysis indicates a bearish trend for the EUR/USD pair, with the price trading around a critical support level at 1.0530. A break below this could signal further declines. The next significant support level is at 1.0500.
The economic events show recent German economic weakness contrasted with US economic stability. The upcoming US economic data, with stable jobless claims and concerns about a widening trade deficit, could influence the USD strength.Given the current bearish sentiment, technical indicators, and fundamental analysis showing stronger USD and weaker Euro due to differing central bank policies, a sell strategy is recommended. The EUR/USD pair is likely to continue declining if the support level at 1.0530 is breached, targeting the next support at 1.0500.",sell,1.0528,1.05,1.056,4,open,,,1.0533,2024-12-10 14:14:00+01:00,1.05263,,1.05296,-3.32
2024-12-10 15:02:55+01:00,"Recent news highlights a stable U.S. economic environment with lower-than-expected unit labor costs, suggesting reduced inflationary pressures and the possibility of a dovish stance from the Federal Reserve. This would normally weaken the USD against the EUR. However, technical indicators show a bearish sentiment for the EUR/USD pair, with the current price breaking below key support levels and forming a series of lower highs and lows.
Technical analysis reveals a consistent bearish trend across different timeframes, with the EUR/USD trading below its previous resistance and support levels. The current price is at 1.0524, below the tested support of 1.0523. Key levels to watch include the resistance at 1.0550 and support at 1.0500 and 1.0480. The immediate outlook remains bearish with further declines if support levels are breached.
Economic events further complicate the outlook. The upcoming EUR Retail Sales data could weaken the Euro if results are negative, while U.S. economic indicators (like stable jobless claims) suggest a steady U.S. economic performance, potentially supporting the USD.
Given the combination of bearish technical trends, stable U.S. economic data, and the potential for weak Euro data, the strategy leans towards capitalizing on a further decline in EUR/USD. However, we must remain cautious of any surprise dovish signals from the Fed that could abruptly change the USD's strength.Considering the bearish technical trend, robust U.S. economic indicators, and lack of strong bullish drivers for the Euro, there is a strong case for a sell strategy. The potential for weak upcoming Euro data further supports a bearish outlook. A sell position capitalizes on the current technical and fundamental market conditions.",sell,1.052,1.048,1.0555,4,open,,,1.05274,2024-12-10 16:03:00+01:00,1.05164,,1.05296,-13.29
2024-12-10 16:00:59+01:00,"The US Nonfarm Productivity is stable, but Unit Labor Costs were lower than expected, which could mean less inflationary pressure leading to a dovish stance from the Fed. This would typically weaken the USD, potentially giving strength to the EUR/USD pair.
Technical analysis shows a bearish trend with the EUR/USD currently under pressure. The pair is trading below key moving averages, with resistance at 1.0550 and support at 1.0520, indicating potential for further decline towards 1.0500.
The Fed and ECB are both expected to cut rates, but with the ECB more likely to cut soon, this could further weaken the EUR against the USD.
Small Business Sentiment has improved, indicating a more robust USD outlook, which could strengthen USD against EUR.
A stronger-than-expected CPI report would strengthen the USD further, whereas weaker data would help the EUR/USD rebound. This introduces an element of risk for USD strength depending on the upcoming economic data.
The German Trade Balance was better than expected, but the Eurozone Retail Sales fell, showing mixed economic signals for the Eurozone. Meanwhile, strong US Factory Orders surpassing expectations indicate a healthy US economy supporting USD strength.
The EUR/USD is in a consolidation phase near 1.0520, but if USD strengthens further due to positive economic indicators, we could see the pair breaking downwards through key support levels towards 1.0500 or even lower.Given the overall bearish technical outlook for EUR/USD, combined with stronger US economic indicators and potential dovish pressures on the Euro from the ECB, a short position is recommended. While there is potential for short-term corrections, the predominant pressure remains bearish, aligning with technical indicators and fundamental data supporting USD strength. However, this is dependent on upcoming US economic data not showing a significant deviation that would weaken the USD.",sell,1.052,1.046,1.056,4,open,,,1.05241,2024-12-10 16:03:00+01:00,1.05164,,1.05296,-13.29
2024-12-10 17:02:27+01:00,"The recent news indicates a strong US dollar driven by hawkish Fed expectations, with an anticipated ECB rate cut. This suggests a fundamental trend in favor of the USD over the EUR, pushing the EUR/USD pair lower.
Technical analysis within 1 day shows a bearish trend for EUR/USD with a decline from 1.0582 to 1.0508. The break below support at 1.0550 and the series of lower highs and lows supports continuation of this downtrend.
Technical analysis within 5 days confirms the bearish scenario with lower highs and lower lows, indicating continued selling pressure. The support at 1.0500 is a key level to watch for a short position.
Technical analysis within 3 months indicates a persistent downtrend since September 2024, with a potential double bottom around 1.0500. This level could act as significant support, but if broken, it could result in further declines.
Economic events highlight weaker EUR sentiment due to disappointing German factory orders and stable to positive US economic data, potentially strengthening the USD further. Future US data might bolster the USD if expectations are met or exceeded.The combination of a strong USD narrative due to hawkish Fed policy, anticipated ECB rate cut, bearish technical patterns, and recent economic data favoring the USD provides a high-confidence setup for selling EUR/USD. The break below critical support levels and a lack of bullish signals reinforce the bearish sentiment.",sell,1.0505,1.045,1.055,4,open,,,1.05097,2024-12-10 17:06:00+01:00,1.05042,,1.05296,-25.44
2024-12-10 18:01:06+01:00,"The EUR/USD is currently in a bearish trend, as observed across different timeframes. The recent technical analysis highlights a downtrend from 1.0573 to 1.0516, suggesting selling pressure remains. Key support is at 1.0500, which has been tested multiple times, and a break below this could lead to further declines towards 1.0480 and 1.0469.
The market is awaiting economic data releases, including US Initial Jobless Claims and Trade Balance, which could influence the USD's strength. Anticipating these reports is crucial as they could either reinforce or challenge the current bearish sentiment depending on the outcomes.
In the 3-month technical analysis, a descending channel and significant support levels at 1.0469 and 1.0444 are noted. There is consistent selling pressure, and a break below these support levels could indicate further downtrends.
Considering the current price of 1.0516 and the significant support level at 1.0500, monitoring for a potential break is crucial. If the price breaks below the 1.0500 support, it could signal a continuation of the bearish trend and a selling opportunity.
If economic data strengthens the USD, it might bolster the case for a break below 1.0500, aligning with the technical analysis which suggests downside risk if 1.0500 is breached.The EUR/USD pair is currently in a bearish trend with critical support at 1.0500. The technical analysis across different timeframes suggests further downside if this level is broken, while economic indicators later today could influence USD strength. Given the bearish sentiment and potential market-moving economic data, a sell strategy is recommended on a confirmed break below 1.0500.",sell,1.0498,1.046,1.0525,4,pending,,,1.05164,,,,,
