strategy,entry_point,stop_loss,take_profit,rationale,provider,status,take_profit_custom,stop_loss_custom,price_at_order,entry_time,entry_price,close_time,close_price,profit,order_time
buy,157.232,156.903,157.8,"The 15-minute chart shows a clear uptrend with the price above the EMAs. The indicators suggest that the bullish momentum is weakening, and a pullback is possible. The 1-hour chart also indicates a bullish trend, reinforcing the overall bullish bias. A long trade can be considered on a pullback to the 20 EMA or the pivot point (157.232), with a stop loss below the S1 (156.903). A short trade could be considered if the price breaks below the 20 EMA and the pivot point (157.232). The immediate resistance is at R1 (157.594) and the recent high of 157.80, and the immediate support is at the pivot point (157.232).",google,pending,,,,,,,,,2025-01-06 02:03:10+01:00
wait,,,,"The 15-minute chart shows a bullish trend with the price above all EMAs, but the indicators suggest weakening momentum. The 1-hour chart shows a sideways movement, contradicting the 15-minute trend. Key support is at 157.232 and key resistance is at 157.923. A trade cannot be confidently executed at this time. We need to see a clear break above the R2 level or a clear break below the pivot point and the 20 EMA to increase confidence in a potential trade. The outlook for USD/JPY is neutral, with a potential for a breakout in either direction.",google,pending,,,,,,,,,2025-01-06 02:33:13+01:00
buy,157.594,157.232,157.923,"The 15-minute chart shows a strengthening bullish trend with the price above all EMAs, which are sloping upwards. This aligns with the bullish trend on the 1-hour chart. However, the technical indicators on the 15-minute chart suggest weakening momentum and a potential pullback. A long trade can be considered on a break above the R1 resistance at 157.594 or on a pullback to the 20 EMA, with a stop loss below the pivot point (P) at 157.232. The initial take profit targets are R2 (157.923) and R3 (158.614).",google,pending,,,,,,,,,2025-01-06 03:03:11+01:00
buy,157.55,157.4,158.614,"The 15-minute chart shows a strong bullish trend, with the price above all EMAs and making higher highs and higher lows. The indicators suggest a weakening of bullish momentum, but the current price action is leading. The 1-hour chart also shows a bullish trend, reinforcing the established bias. A long trade can be confidently executed, with a potential entry on a pullback to the 20 EMA or on a breakout above R2.",google,pending,,,,,,,,,2025-01-06 03:33:15+01:00
buy,157.5,157.232,157.923,"The 15-minute chart shows a clear uptrend with strong bullish momentum, supported by upward-sloping EMAs. The price is currently above the 20 EMA and is approaching the R2 resistance level. The 1-hour chart also indicates a bullish trend, reinforcing the bias. Although the indicators suggest a potential pullback, the current price action is overriding this signal. A long trade can be confidently executed on a pullback to the 20 EMA, with a stop-loss below the pivot point and a take profit at R2.",google,pending,,,,,,,,,2025-01-06 04:03:34+01:00
buy,157.6,157.232,157.923,"The 15-minute chart shows a bullish trend, with the price above all key EMAs. The recent price action is strongly bullish, but the technical indicators are showing some signs of weakness. The 1-hour chart also indicates a bullish trend, which reinforces the bullish bias. A long trade can be considered on a pullback to the 20 EMA, with a stop-loss below the pivot point. The first target for long positions is the R2 resistance at 157.923.",google,pending,,,,,,,,,2025-01-06 04:33:14+01:00
wait,,,,"The 15-minute chart shows a recent bullish move, with the price above all three EMAs. However, the indicators suggest a weakening bullish momentum and a potential bearish shift. The 1-hour chart shows a clear uptrend, which contradicts the 15-minute analysis. The immediate resistance is at 157.923, and the immediate support is at 157.232. A trade cannot be confidently executed at this time. We need to see a clear signal, either a bounce off the 20-EMA for a long trade or a break below the 20-EMA and the pivot point (P) for a short trade. The current price is 157.71.",google,pending,,,,,,,,,2025-01-06 05:03:16+01:00
buy,157.6,157.232,157.923,"The 15-minute chart shows a clear bullish trend, with the price above the 20 EMA and making higher highs. The 1-hour chart is also bullish, reinforcing the bullish bias. Although the indicators suggest a potential bearish divergence, the current price action is still bullish. A long trade can be considered on a pullback to the 20 EMA, with a stop-loss below the pivot point. The first target is the R2 resistance at 157.923.",google,pending,,,,,,,,,2025-01-06 05:33:13+01:00
buy,157.65,157.232,158.614,"The USD/JPY 15-minute chart shows a strong uptrend, with the price above all three EMAs. The 1-hour analysis also indicates a bullish trend, reinforcing the bullish bias. Although the indicators suggest a potential shift towards bearish momentum, the current price action is showing strong bullish momentum. A long trade can be confidently executed on a pullback to the 20 EMA or on a breakout above R2. The next resistance level to watch is R3 at 158.614.",google,pending,,,,,,,,,2025-01-06 06:03:12+01:00
wait,,,,"The 15-minute chart shows a recent bullish move, with the price above all three EMAs. However, the technical indicators suggest a bearish shift in momentum, with bearish divergences in MACD, RSI and ROC. The H1 trend is bullish, but the price is in overbought territory. The contradiction between the 15M and H1 trends suggests that the current bullish move on the 15M chart might be a short-term rally within the larger uptrend on the H1 chart. A trade cannot be confidently executed at this time. We need to see a clear signal from the price action before considering a trade.",google,pending,,,,,,,,,2025-01-06 06:33:29+01:00
wait,,,,"The 15-minute chart shows a short-term uptrend, with the price above the EMAs. However, the technical indicators suggest a potential bearish reversal, and the 1-hour analysis indicates an overbought RSI. The current price is at 157.8, close to the R2 resistance level. A trade cannot be confidently executed at this time. We need to wait for either a break above R2 to confirm the bullish trend or a break below the 20 EMA and R1 to confirm the bearish reversal before entering a trade.",google,pending,,,,,,,,,2025-01-06 07:03:20+01:00
wait,,,,"The 15-minute chart shows a weakening uptrend with the price consolidating near the 20 EMA. The indicators are strongly bearish, suggesting a potential reversal. The H1 trend is still bullish, but the 15M trend is showing signs of a potential reversal. The immediate support is at 157.59 (R1) and the immediate resistance is at 157.92 (R2). A trade cannot be confidently executed at this time, and it is best to wait for a clear breakout in either direction.",google,pending,,,,,,,,,2025-01-06 07:33:16+01:00
sell,157.232,157.594,156.903,"The 15-minute chart shows a potential shift to a downtrend, with the price breaking below the 20-EMA and approaching the 50-EMA. The indicators confirm the bearish momentum. The 15-minute downtrend is a contradiction to the H1 uptrend, suggesting a potential pullback within the larger uptrend. A short trade could be considered if the price breaks below the pivot point (P) at 157.232, with a stop loss above R1 at 157.594 and a target at S1 at 156.903. **A short trade can be confidently executed at this time if the price breaks below the pivot point (P) at 157.232.**",google,pending,,,,,,,,,2025-01-06 08:03:13+01:00
sell,157.65,157.7,157.232,"The 15-minute chart shows a clear downtrend, supported by bearish signals from the MACD, RSI, and ROC. The price has broken below the 20 EMA and is approaching the 50 EMA. The 1-hour analysis suggests a potential short-term pullback within a longer-term bullish trend. A short trade can be considered on a retest of the 20 EMA around 157.65, with a stop loss above the R1 pivot point at 157.60. The first target could be the pivot point (P) at 157.232, and the second target could be the S1 pivot point at 156.903.",google,pending,,,,,,,,,2025-01-06 08:33:17+01:00
sell,157.7,157.9,157.232,"The 15-minute chart shows a bearish reversal after a strong bullish move. The price is below the 20-EMA and 50-EMA, which are sloping downwards. The MACD, RSI, and ROC all indicate bearish momentum. The 1-hour chart shows a bullish trend, but with signs of weakening momentum. A short trade can be considered on a retest of the 20-EMA or on a break below the 157.6 support level, with a stop loss above the recent high of 157.8 and take profit targets around 157.232 and 156.903.",google,pending,,,,,,,,,2025-01-06 09:03:13+01:00
wait,,,,"The 15-minute chart shows a clear uptrend with the price above all three EMAs. However, the MACD is showing bearish momentum, creating a conflicting signal with the RSI and ROC. The 15M trend is contradicting the H1 trend, which shows a weakening uptrend and consolidation. The immediate resistance is at R2 (157.923), and the immediate support is around the 20 EMA (157.65). A trade cannot be confidently executed at this time due to the conflicting signals and the contradiction between the 15M and H1 trends. We need to see confirmation of bullish momentum from the MACD, a breakout above R2, or a pullback to the 20 EMA with a clear rejection before considering a trade. The outlook for USD/JPY is neutral at this time, with a need for further confirmation.",google,pending,,,,,,,,,2025-01-06 09:33:18+01:00
sell,157.75,157.9,157.25,"The 15-minute chart shows a clear bearish trend, supported by the EMAs and technical indicators. The price has broken below key EMAs, and the indicators are all pointing downwards. The H1 analysis suggested a potential pullback, which is now being confirmed by the 15-minute chart. A short trade can be confidently executed at this time, with a stop loss above the 157.70-157.80 resistance area and a take profit target around the 157.20-157.30 support zone.",google,pending,,,,,,,,,2025-01-06 10:03:18+01:00
wait,,,,"The 15-minute chart shows a recent bullish move followed by a consolidation phase. The price is above the upward sloping EMAs, indicating a bullish bias. However, the indicators are providing mixed signals, with the MACD and RSI suggesting a potential pullback, while the ROC suggests a potential continuation of the bullish trend. The 1-hour analysis also indicates a bullish trend but with weakening momentum. The price is currently consolidating around the 20 EMA and the R1 resistance. A trade cannot be confidently executed at this time. A break above R1 or a bounce off the 20 EMA would provide more confidence for a long trade. A break below the 20 EMA would provide more confidence for a short trade, but this should be approached with caution.",google,pending,,,,,,,,,2025-01-06 10:33:16+01:00
wait,,,,"The 15-minute chart shows a consolidation phase with conflicting signals from the indicators. The price is currently interacting with the 20 EMA, which is acting as a dynamic resistance. The 1-hour analysis indicates a bullish bias, but the 15-minute chart suggests that the bullish momentum might be losing steam in the short term. A trade cannot be confidently executed at this time. We need to see a clear breakout or breakdown from the current consolidation range before entering a trade.",google,pending,,,,,,,,,2025-01-06 11:03:17+01:00
buy,157.8,157.55,158.6,"The USD/JPY pair is currently in a strong bullish trend on the 15-minute chart, supported by the EMAs, price action, and technical indicators. The MACD, RSI, and ROC all indicate increasing buying pressure. The 15-minute trend aligns with the bullish trend on the 1-hour chart. A long trade can be confidently executed on a pullback to the 157.80 or 157.60 level, with a stop loss below the 50 EMA or the R1 pivot point, and a take profit target at the R3 pivot point.",google,pending,,,,,,,,,2025-01-06 11:33:26+01:00
wait,,,,"The USD/JPY is showing a strong bullish trend on the 15-minute chart, supported by upward-sloping EMAs and a bullish MACD crossover. However, the RSI and ROC are showing signs of overbought conditions and potential bearish divergences, suggesting a possible pullback. The 1-hour analysis also indicates a bullish trend but with an overbought RSI, reinforcing the possibility of a short-term pullback. The immediate resistance is at 157.923, and the immediate support is around 157.7. A trade cannot be confidently executed at this time, and traders should wait for further confirmation before entering long or short positions.",google,pending,,,,,,,,,2025-01-06 12:03:20+01:00
sell,157.232,157.6,156.903,"The 15-minute chart shows a clear shift to a downtrend, with the price breaking below all EMAs and strong bearish momentum confirmed by indicators. The 15-minute trend contradicts the hourly uptrend, suggesting a significant pullback. A short trade can be considered on a retest of 157.3 or a break below 157.232, with a stop loss above 157.6 and a target at 156.903. **A short trade can be confidently executed at this time.**",google,pending,,,,,,,,,2025-01-06 12:33:22+01:00
sell,157.3,157.4,156.541,"The USD/JPY pair is exhibiting strong bearish momentum on the 15-minute chart, confirmed by a large red candle breaking below all EMAs. The indicators (MACD, RSI, ROC) also support this bearish view. The 1-hour analysis aligns with this bearish bias. Key levels to watch are 157.3 (resistance), 156.903 (support), and 156.541 (target). A short trade can be confidently executed, with a stop loss above 157.3 and a target at 156.541.",google,pending,,,,,,,,,2025-01-06 13:03:12+01:00
sell,157.2,157.3,156.903,"The USD/JPY pair is exhibiting a strong bearish trend on the 15-minute chart, with the price below all EMAs and a recent sharp drop. The MACD, RSI, and ROC indicators all confirm the bearish momentum. The 1-hour chart also shows a downtrend, reinforcing the bearish bias. A short trade can be entered on a pullback to 157.20 or the 20-EMA, with a stop loss above 157.30 and take profit targets at 156.903 and 156.541. The overall outlook for the USD/JPY is bearish in the short term.",google,pending,,,,,,,,,2025-01-06 13:33:24+01:00
sell,157.232,157.5,156.541,"The USD/JPY pair is in a strong downtrend on the 15-minute chart, confirmed by price action, EMAs, and technical indicators. The 1-hour analysis also indicates a bearish trend, reinforcing the short bias. A short trade can be confidently executed, with potential entry points on pullbacks or breaks below support levels, and targets at the next support levels.",google,pending,,,,,,,,,2025-01-06 14:03:25+01:00
sell,156.53,156.8,155.85,"The USD/JPY pair is exhibiting strong bearish momentum on the 15-minute timeframe. The price has broken below all EMAs and is trading below them. The MACD, RSI, and ROC all point towards a downward trend. The 15-minute trend aligns with the hourly trend, reinforcing the bearish bias. A short trade can be confidently executed at this time, with a stop loss above the 156.7 level or the 20 EMA, and a target at the S3 pivot point at 155.850.",google,pending,,,,,,,,,2025-01-06 15:03:17+01:00
sell,157.1,157.594,156.541,"The 15-minute chart shows a strong bearish trend with price below all EMAs. The indicators suggest a potential bullish reversal, but this is not yet reflected in the price action. The 1-hour chart also indicates a bearish trend, reinforcing the bearish bias. A short trade can be confidently executed on a pullback to the 20-EMA or pivot point, or on a break below S1. The overall outlook for the USD/JPY is bearish in the short term.",google,pending,,,,,,,,,2025-01-06 15:33:19+01:00
sell,157.35,157.6,156.903,"The 15-minute chart shows a strong bearish trend, with the price breaking below all three EMAs. The 1-hour chart also indicates a bearish trend, reinforcing the bearish bias. The indicators suggest a potential bullish divergence, but this is not yet confirmed by the price action. A short trade can be confidently executed on a pullback to the 157.35 area or the 20 EMA, with a stop-loss above 157.60. The first target for a short trade would be the S1 pivot point at 156.903.",google,pending,,,,,,,,,2025-01-06 16:03:11+01:00
wait,,,,"The USD/JPY 15-minute chart shows a potential bullish recovery after a sharp drop, with the price attempting to move back above the EMAs. However, the 1-hour chart indicates a downtrend, and the indicators are giving conflicting signals. The immediate resistance is at 157.594, and the immediate support is at 157.232. A trade cannot be confidently executed at this time. We need to see further confirmation of either a continuation of the downtrend or a clear bullish breakout before entering a trade.",google,pending,,,,,,,,,2025-01-06 16:33:20+01:00
wait,,,,"The 15-minute chart shows a short-term bullish trend, with the price breaking above the 20-EMA and testing the 50-EMA. The indicators support this bullish momentum. However, the 1-hour chart indicates a bearish trend, which suggests that the current bullish move might be a short-term correction. The price is currently at a critical point, facing resistance from the 50-EMA and R1. Therefore, it is prudent to wait for a clearer signal before entering a trade. A potential long entry could be considered if the price breaks above the 50-EMA and R1 with strong bullish momentum, while a potential short entry could be considered if the price fails to break above these levels and shows signs of bearish reversal.",google,pending,,,,,,,,,2025-01-06 17:03:17+01:00
sell,157.4,157.594,156.903,"The 15-minute chart shows a clear downtrend, with the price below all EMAs. The MACD confirms the bearish trend, while the RSI and ROC show a weakening bullish momentum. The 15-minute trend aligns with the bearish trend identified in the hourly analysis. A short trade can be confidently executed on a pullback to the 20 EMA around 157.4, or on a break below the pivot point (P) at 157.232, with a stop loss above the R1 pivot point at 157.594. The first take profit target could be around the S1 pivot point at 156.903, and the second take profit target could be around the 156.6 level.",google,pending,,,,,,,,,2025-01-06 17:33:16+01:00
wait,,,,"The 15-minute chart shows a potential bullish reversal after a sharp downtrend, with the price above all EMAs. However, the indicators are showing conflicting signals, with the MACD suggesting a potential bullish move while the RSI and ROC indicate weakening bullish momentum. The 15-minute trend contradicts the bearish hourly trend, suggesting that the current bullish move might be a short-term correction. Key levels to watch are the resistance at 157.594 and the support at 157.232. A trade cannot be confidently executed at this time due to the conflicting signals and the contradiction between the 15-minute and hourly trends. We need to wait for a clear break above R1 or a failure to break above R1 with clear bearish signals to increase confidence in a potential trade.",google,pending,,,,,,,,,2025-01-06 18:03:17+01:00
sell,157.5,157.923,156.9,"The 15-minute chart shows a clear downtrend with the price below all EMAs. The MACD, RSI, and ROC indicators all support the bearish bias. The 1-hour chart also indicates a bearish trend, reinforcing the short-term outlook. A short trade can be confidently executed on a pullback to the 157.5 resistance level, with a stop loss above 157.923 and a target of 156.9 and 156.541.",google,pending,,,,,,,,,2025-01-06 19:03:39+01:00
buy,158.276,157.45,158.98,"The USD/JPY is in a **bullish** trend on the 5-minute chart, supported by upward-sloping EMAs and a series of higher highs and higher lows. This aligns with the bullish trend identified in the H1 analysis. The current price is 158.07. Key resistance levels are at 158.276 (R1) and 158.980 (R2), while support is found around 157.6, 157.5, and the pivot point at 157.255. The indicators present a mixed picture, with the MACD and RSI suggesting a potential slowdown, while the ROC indicates increasing upward momentum. A long trade can be considered, either on a breakout above R1 or on a pullback to support, but caution is advised due to the potential for a short-term pullback indicated by the RSI. A stop-loss order should be placed below a key support level to manage risk.",google,pending,,,,,,,,,2025-01-07 02:05:29+01:00
buy,158.276,157.6,158.98,"The USD/JPY pair is in a strong uptrend on both the 5-minute and 1-hour timeframes. The recent price action, EMAs, and indicators all confirm the bullish momentum. The RSI approaching overbought levels suggests a possibility of a short-term pullback or consolidation, but the overall outlook remains bullish. Key support levels to watch are at **157.6**, **157.65** (10 EMA), **157.55** (20 EMA), and **157.255** (Pivot Point), while resistance is anticipated around **158.276** (R1), **158.980** (R2), and **159.0**. A potential long trade can be executed on a breakout above 158.276, with a stop-loss below 157.6. The overall outlook for the USD/JPY remains bullish unless the price breaks decisively below the key support levels.",google,pending,,,,,,,,,2025-01-07 03:05:33+01:00
sell,157.25,157.7,156.55,"The USD/JPY is currently in a bearish trend on the 5-minute chart, supported by declining EMAs and bearish price action. The 1-hour analysis suggests a potential bearish reversal or pullback, aligning with the short-term trend. While the indicators show bearish momentum, the oversold RSI and a potential bullish MACD crossover hint at a possible weakening of this momentum. A short trade can be considered with moderate confidence, particularly if the price breaks below the pivot point at 157.255. However, traders should watch for signs of a potential pullback or bounce before entering a short position. A confirmed bearish MACD crossover and continued bearish price action would increase confidence in a short trade.",google,pending,,,,,,,,,2025-01-07 09:16:02+01:00
buy,157.7,157.35,158.25,"The USD/JPY pair is showing signs of a potential bullish reversal on the 5-minute chart after a period of decline. The price has bounced off the 157.4 - 157.5 support zone, and the 10 and 20 EMAs are sloping upwards. The MACD, RSI, and ROC indicators are all signaling increasing bullish momentum. The 1-hour analysis confirms that the price is testing a key support level within a broader uptrend. A long trade can be considered with moderate confidence, but it's important to wait for confirmation, such as a break above the immediate resistance zone of 157.65 - 157.7 or a successful test of the 157.5 support level. The next key resistance levels to watch are the 50-period EMA around 157.7, R1 at 158.276, and R2 at 158.980. The next key support levels to watch are the Pivot Point (P) at 157.255 and S1 at 156.551.",google,pending,,,,,,,,,2025-01-07 10:35:37+01:00
wait,,,,"The USD/JPY pair is currently in a state of indecision on the 5-minute chart, with conflicting signals from the price action, EMAs, and indicators. The H1 analysis suggests a bearish bias, while the 15M analysis suggests a potential short-term bullish trend. Key support levels to watch are 157.50, 157.255 (Pivot Point), and 156.551 (S1), while key resistance levels are 157.70, 158.276 (R1), and 158.980 (R2). A trade cannot be confidently executed at this time due to the high degree of uncertainty. Further confirmation is needed from price action, indicators, and EMAs to increase confidence in a potential trade. The outlook for USD/JPY is neutral in the very short term, with a potential for either a bullish or bearish move depending on the next price developments.",google,pending,,,,,,,,,2025-01-07 11:05:37+01:00
buy,157.75,157.5,158.276,"The USD/JPY pair is currently showing a bullish trend on the 5-minute chart, supported by the upward-sloping EMAs and the recent bullish engulfing pattern. However, the weakening bullish momentum indicated by the technical indicators and the bearish MACD signal on the 1-hour chart suggest that the uptrend might be losing steam. The 1-hour analysis indicates a potential bullish reversal within a broader uptrend, which aligns with the 5-minute chart's bullish bias. A long trade can be considered with caution, with a potential entry point above 157.75 and a stop-loss below 157.5. To increase confidence in the trade, further confirmation from the price action and indicators is needed, such as a break above 158.0 on the 1-hour chart and a bullish crossover on the 1-hour MACD.",google,pending,,,,,,,,,2025-01-07 11:35:32+01:00
buy,157.8,157.6,158.276,"The USD/JPY pair is currently showing signs of a potential bullish continuation on the 5-minute chart, supported by the upward-sloping EMAs and the recent price action. The MACD also indicates a bullish trend. However, the RSI and ROC suggest that the upward momentum might be weakening, and the MACD histogram hints at a potential loss of bullish strength. The H1 analysis suggests a pullback within a larger uptrend, and the 5-minute bullish move could be a minor correction before the uptrend resumes. A cautious long trade could be considered if the price breaks above 157.8, with a stop-loss below 157.6 and a target near 158.276. However, traders should be prepared for a possible pullback or consolidation phase. The next few periods will be crucial in determining whether the bullish trend will resume or if a reversal is on the horizon.",google,pending,,,,,,,,,2025-01-07 12:05:18+01:00
wait,,,,"The 5-minute chart shows a recent bearish shift, with the price breaking below the EMAs and the MACD indicating a bearish crossover. However, the RSI and ROC suggest a potential pullback or consolidation. The 1-hour chart indicates a clear uptrend, which contradicts the 5-minute bearish shift. This suggests that the current downtrend in the 5-minute chart might be a pullback within the larger uptrend on the hourly chart. It is better to wait for a clearer signal before entering a trade.",google,pending,,,,,,,,,2025-01-08 02:03:15+01:00
wait,,,,"The USD/JPY 5-minute chart shows a potential short-term downtrend, with the price breaking below key EMAs. The MACD supports this bearish sentiment, but the ROC is slightly bullish, and the RSI is neutral. The 1-hour chart indicates a larger uptrend, creating a contradiction. The 15-minute pivot points provide key support and resistance levels. A trade cannot be confidently executed at this time. We need to wait for a clearer signal, either a break below the 50-EMA for a short trade or a bounce off the 50-EMA and a break above the 20-EMA for a long trade.",google,pending,,,,,,,,,2025-01-08 02:33:17+01:00
wait,,,,"The USD/JPY pair is currently showing a short-term downtrend on the 5-minute chart, with the price below all EMAs and the EMAs sloping downwards. The indicators are showing mixed signals, with the MACD suggesting a potential bullish reversal, while the RSI and ROC are trending downwards. The 1-hour chart indicates a medium-term uptrend with a potential pullback, which could be the current downtrend on the 5-minute chart. A trade cannot be confidently executed at this time. We need to see a clear break of either the 157.940 support level or the 158.1 resistance level, along with confirmation from the indicators, before entering a trade.",google,pending,,,,,,,,,2025-01-08 03:03:13+01:00
wait,,,,"The USD/JPY is currently consolidating on the 5-minute chart, with the price moving sideways around 158.00. The EMAs are flat, and the indicators are not providing strong signals. The 1-hour analysis suggests a bullish trend, but the short-term consolidation is creating uncertainty. No trade can be confidently executed at this time. We need to see a clear breakout from the current range with strong momentum and confirmation from the indicators before considering a trade.",google,pending,,,,,,,,,2025-01-08 03:33:14+01:00
buy,158,157.9,158.998,"The USD/JPY is showing a clear uptrend on the 5-minute chart, supported by bullish indicators and EMA alignment. The price is above all EMAs, and the MACD, RSI, and ROC all confirm the bullish momentum. The 1-hour trend also supports the bullish bias. A long trade can be confidently executed on a pullback to 158.00 or a breakout above 158.517, with a stop loss below 157.90 and a take profit target at 158.998.",google,pending,,,,,,,,,2025-01-08 04:03:09+01:00
buy,158.1,157.9,158.998,"The USD/JPY is in a strong uptrend on the 5-minute chart, supported by upward-sloping EMAs, bullish indicators, and alignment with the 1-hour trend. The RSI is approaching overbought levels, suggesting a potential pullback. A long trade can be confidently executed on a pullback to the 10 EMA or the pivot point, or on a breakout above R1, with appropriate stop-loss and profit targets.",google,pending,,,,,,,,,2025-01-08 04:33:11+01:00
wait,,,,"The USD/JPY is currently in a consolidation phase on the 5-minute chart, with weakening bullish momentum. The price is trading between the pivot point (157.940) and the R1 resistance (158.517). The indicators suggest a potential bearish move, but a clear breakout or breakdown is needed to confirm the direction. The 1-hour analysis also indicates a consolidation within an uptrend. Therefore, it is best to wait for a clear signal before entering a trade.",google,pending,,,,,,,,,2025-01-08 05:03:19+01:00
wait,,,,"The USD/JPY is in an uptrend on both the 1-hour and 5-minute charts. The 5-minute chart shows a recent bullish move, but the indicators are showing conflicting signals, suggesting a potential pullback. The immediate resistance is at 158.517, and the support is around 157.940. A trade cannot be confidently executed at this time due to the conflicting signals. We need to see a clear confirmation of the bullish trend or a pullback to the support area before considering a trade.",google,pending,,,,,,,,,2025-01-08 05:33:14+01:00
wait,,,,"The USD/JPY is currently in an uptrend on the 5-minute chart, supported by the EMAs. However, the recent price action shows consolidation, and the indicators suggest a potential for a pullback. The H1 and 15M trends are aligned, reinforcing the overall bullish bias. A trade cannot be confidently executed at this time, and it is best to wait for a clearer signal before entering a trade. Potential long entries could be considered on a bounce off the 10 EMA or a break above the 158.517 resistance level. Potential short entries could be considered if the price breaks below the 10 EMA and the 157.940 pivot point.",google,pending,,,,,,,,,2025-01-08 06:03:11+01:00
wait,,,,"The 5-minute chart shows a shift from an uptrend to a downtrend, with the price breaking below key EMAs. The indicators confirm this bearish momentum. The 1-hour chart is still bullish, creating a contradiction. A short trade can be considered on a break below the 50 EMA, with a stop loss above the recent high. A long trade could be considered if the price bounces off the 50 EMA and breaks back above the 20 EMA, but with caution. It might be prudent to wait for further confirmation before entering a trade.",google,pending,,,,,,,,,2025-01-08 06:33:13+01:00
sell,158.2,158.3,157.94,"The 5-minute chart shows a shift from an uptrend to a potential downtrend, with the price breaking below the 10 and 20 EMAs. The MACD, RSI, and ROC all confirm increasing bearish momentum. The 15-minute pivot points provide clear support and resistance levels. While the hourly chart indicates an uptrend, the strength of the bearish signals on the 5-minute chart suggests a short trade can be considered on a retest of the 10 or 20 EMA, with a target at the pivot point (P) at 157.940.",google,pending,,,,,,,,,2025-01-08 07:03:28+01:00
sell,157.94,158.517,157.459,"The 5-minute chart shows a clear downtrend with price below all EMAs, which are sloping downwards. The MACD and ROC confirm the bearish momentum, while the RSI is neutral. The 1-hour chart indicated a bullish trend with weakening momentum, and the current 5-minute bearish trend is likely a pullback. A short trade can be confidently executed on a retest of the pivot point or a break below it, with a stop loss above R1 and take profit targets at S1 and S2.",google,pending,,,,,,,,,2025-01-08 07:33:09+01:00
sell,158.15,158.25,157.94,"The USD/JPY 5-minute chart is showing a clear downtrend, with the price below all EMAs. The MACD confirms the bearish momentum, while the RSI and ROC suggest a potential short-term correction. The H1 analysis indicates a consolidation phase, which contradicts the 5-minute downtrend. A short trade can be confidently executed on a pullback towards the 10-EMA or 20-EMA, with a stop-loss above 158.2 and targets at 157.940 and 157.459.",google,pending,,,,,,,,,2025-01-08 08:03:10+01:00
sell,157.94,158.15,157.459,"The USD/JPY is in a clear downtrend on the 5-minute chart, with the price below all EMAs and making lower lows. The MACD and ROC confirm the bearish momentum, while the RSI is neutral. The 1-hour analysis also indicates a bearish trend, reinforcing the short bias. A short trade can be confidently executed, with a stop loss above the 50 EMA and a target at the S1 pivot point.",google,pending,,,,,,,,,2025-01-08 08:33:10+01:00
buy,158.07,157.93,158.517,"The 5-minute chart shows a clear bullish trend with the price above all EMAs and supported by bullish signals from the MACD, RSI, and ROC. The 15-minute pivot points indicate resistance at 158.517 and support at 157.940. A long trade can be considered on a pullback to the 158.05-158.10 area, with a target at 158.517. However, the contradiction with the hourly analysis suggests that this bullish move might be a short-term correction, so risk management is crucial. The outlook for USD/JPY is cautiously bullish in the short term, but a potential reversal is possible if the resistance levels hold.",google,pending,,,,,,,,,2025-01-08 09:03:11+01:00
buy,158.23,157.94,158.517,"The USD/JPY is exhibiting a strong bullish trend on the 5-minute chart, supported by upward-sloping EMAs, a bullish MACD crossover, a rising RSI, and a positive ROC. The price has broken above the EMAs and is moving towards the first resistance level at 158.517. The 1-hour analysis also supports the bullish bias. A long trade can be confidently executed at the current price with appropriate stop-loss and take-profit levels.",google,pending,,,,,,,,,2025-01-08 09:33:10+01:00
buy,158.15,157.94,158.517,"The USD/JPY is in a short-term uptrend on the 5-minute chart, with the price above all the EMAs. The indicators suggest that the bullish momentum is weakening, and a pullback or consolidation is possible. The 1-hour analysis also indicates a medium-term uptrend but with signs of consolidation. A long trade can be considered on a pullback to the 20 EMA or a breakout above R1. Short trades should be approached with caution.",google,pending,,,,,,,,,2025-01-08 10:03:28+01:00
sell,158.15,158.52,157.46,"The 5-minute chart shows a clear downtrend with the price below all EMAs. The MACD, RSI, and ROC all confirm bearish momentum. The 1-hour analysis suggests a pullback is likely, and the 5-minute chart confirms that this pullback is currently in progress. A short trade can be confidently executed on a retest of the 158.15-158.20 resistance area or on a break below the 157.940 pivot point, with a stop loss above 158.20 or 158.517 and a target at 157.940 and then 157.459.",google,pending,,,,,,,,,2025-01-08 10:33:09+01:00
wait,,,,"The USD/JPY is currently consolidating on the 5-minute chart, with no clear short-term trend. The price is hovering around 158.16, with immediate resistance at 158.517 and support at 157.940. The indicators suggest weakening bearish momentum, but the overall market is indecisive. The 1-hour analysis suggests a potential pullback, which is starting to show in the lower timeframes. **A trade cannot be confidently executed at this time.** It is best to wait for a clear breakout above 158.517 or below 157.940 before entering a trade.",google,pending,,,,,,,,,2025-01-08 11:03:11+01:00
buy,158.22,158.15,158.517,"The USD/JPY 5-minute chart shows a strong uptrend with bullish price action, supported by upward-sloping EMAs. The MACD, RSI, and ROC indicators confirm the bullish momentum. The price is currently at 158.22, and a long entry can be considered with a stop-loss below the 50-EMA (around 158.15) or below the pivot point (157.940), and targets at R1 (158.517) and R2 (158.998). The 5-minute trend aligns with the H1 trend, suggesting a continuation of the upward movement. A long trade can be confidently executed at this time.",google,pending,,,,,,,,,2025-01-08 11:33:10+01:00
wait,,,,"The USD/JPY is in a short-term uptrend, supported by price action and EMAs. The MACD is bullish, but the RSI and ROC are showing a decrease in momentum. The 1-hour analysis also indicates an uptrend with weakening momentum. A potential long entry could be considered on a break above 158.517, or a pullback to the 10 EMA. A short entry could be considered if the price breaks below the 10 EMA and the pivot point at 157.940. **Given the conflicting signals from the indicators, it is not possible to confidently execute a trade at this time. It is better to wait for a clear breakout above R1 or a pullback to the 10 EMA before entering a trade.**",google,pending,,,,,,,,,2025-01-08 12:03:12+01:00
wait,,,,"The USD/JPY is in a strong bullish trend on the 5-minute chart, supported by price action, upward-sloping EMAs, and bullish signals from the MACD and ROC indicators. The RSI is overbought, suggesting a potential pullback. The 5-minute trend aligns with the bullish 1-hour trend, reinforcing the overall bullish bias. A long trade can be considered on a pullback to the 10-EMA or 20-EMA, with a stop-loss below the 50-EMA. A short trade is not recommended at this time.",google,pending,,,,,,,,,2025-01-08 12:33:11+01:00
wait,,,,"The USD/JPY is showing a short-term pullback on the 5-minute chart, with the price falling below the 10 EMA. The indicators support this bearish momentum. However, the 1-hour chart is still bullish, creating a contradiction between the two timeframes. A trade cannot be confidently executed at this time. We need to see a clear break below the 158.3 level for a short trade, or a clear bounce off the 158.3 level and a break above the 10 EMA for a long trade.",google,pending,,,,,,,,,2025-01-08 13:03:11+01:00
wait,,,,"The 5-minute chart shows a potential pullback from a recent high, with the price testing the 20 EMA. The indicators support this pullback, showing bearish momentum. The hourly chart indicates a bullish trend, but with slowing momentum. The current price is at a critical point, and a trade cannot be confidently executed at this time. We need to wait for a clear breakout in either direction before entering a trade.",google,pending,,,,,,,,,2025-01-08 13:33:22+01:00
buy,158.517,158.4,158.998,"The 5-minute chart shows a consolidation after an uptrend, with the price trading above all EMAs. The indicators suggest a weakening upward momentum, but the overall trend is still bullish. The 1-hour chart also indicates a strong uptrend. A long trade can be considered on a break above the R1 resistance at 158.517 or on a pullback to the 158.40 support level, with a stop loss below 158.40 or 157.940 and a take profit target at 158.998.",google,pending,,,,,,,,,2025-01-08 14:03:18+01:00
sell,158.5,158.6,157.94,"The USD/JPY is in a short-term downtrend, confirmed by price action, EMAs, and the MACD. The RSI and ROC suggest a potential consolidation, but the overall bias is bearish. A short trade can be confidently executed on a pullback towards 158.5, with a stop loss above 158.6 and take profit targets at 157.940 and 157.459.",google,pending,,,,,,,,,2025-01-08 15:03:12+01:00
wait,,,,"The 5-minute chart shows a potential short-term bullish reversal after a recent downtrend, with the price bouncing off the 100 EMA and moving above the 10 and 20 EMAs. However, the indicators present conflicting signals, and the 1-hour analysis suggests a potential pullback. The 15M trend is not clear. Therefore, it is best to wait for more confirmation before entering a trade. A break above R1 (158.517) would favor a long trade, while a rejection at R1 and a break below the EMAs would favor a short trade.",google,pending,,,,,,,,,2025-01-08 15:33:09+01:00
wait,,,,"The USD/JPY is currently in a consolidation phase on the 5-minute chart, with the price testing the 20 EMA. The indicators are providing mixed signals, and the 1-hour analysis suggests a potential pullback. It is not advisable to enter a trade at this time. A long entry could be considered if the price breaks above 158.5 with strong bullish momentum, and a short entry could be considered if the price breaks below the 50 EMA with strong bearish momentum. Traders should wait for a clear breakout before entering a trade.",google,pending,,,,,,,,,2025-01-08 16:03:15+01:00
sell,158.3,158.4,157.94,"The 5-minute chart shows a shift from an uptrend to a sideways and slightly bearish trend. The price is below the 10 and 20 EMAs, which are sloping downwards. The indicators confirm the bearish momentum. The 1-hour analysis suggested a potential pullback, which seems to be underway. A short trade can be confidently executed on a break below the 50 EMA (around 158.30), with a stop loss above the 20 EMA (around 158.40) and a target at the pivot point at 157.940.",google,pending,,,,,,,,,2025-01-08 16:33:10+01:00
wait,,,,"The 5-minute chart shows a strong bullish push, with the price above all EMAs and supported by bullish indicators. However, the hourly analysis suggests a potential pullback. A long trade can be considered on a break above R1 (158.517), with a stop-loss below the 10 EMA. A short trade can be considered if the price fails to break above R1 and shows signs of bearish reversal. The current price is 158.42.",google,pending,,,,,,,,,2025-01-08 17:03:08+01:00
wait,,,,"The USD/JPY is currently in a sideways range on the 5-minute chart, consolidating between 158.30 and 158.50. The EMAs are intertwined, and the indicators are not providing strong signals. The 1-hour analysis suggested a potential pullback or breakout, but the 5-minute chart is not showing a clear direction. It is best to wait for a clearer signal before entering a trade. A break of 158.52 or 158.30 would provide a potential entry point.",google,pending,,,,,,,,,2025-01-08 17:33:10+01:00
wait,,,,"The 5-minute chart shows a lack of clear trend, with recent price action indicating a potential short-term bearish move. The EMAs are relatively flat, with the price below the 10 and 20 EMAs. The indicators (MACD, RSI, ROC) all point towards bearish momentum. The 15-minute pivot points provide clear resistance at 158.517 and support at 157.940. The 1-hour analysis suggests a weakening bullish momentum, which aligns with the current bearish bias. A short trade can be considered on a break below the current price of 158.33, with a stop loss above 158.517 and a target at 157.940. A long trade can be considered on a break above 158.517, with a stop loss below the current price and a target at 158.998.",google,pending,,,,,,,,,2025-01-08 18:03:14+01:00
wait,,,,"The USD/JPY 5-minute chart shows a consolidation phase with the price fluctuating around 158.40. The EMAs are flat, indicating a lack of strong trend. While the MACD, RSI, and ROC indicators suggest bullish momentum, the price action shows indecision. The 1-hour analysis indicates a consolidation within an uptrend, which contradicts the 5-minute indicators. A trade cannot be confidently executed at this time. A clear breakout above 158.517 or below 157.940 is needed to increase confidence in a potential trade. The outlook for USD/JPY is neutral, with a need to monitor the price action and indicators closely for confirmation signals.",google,pending,,,,,,,,,2025-01-08 18:33:14+01:00
wait,,,,"The 5-minute chart shows a potential short-term bearish trend, supported by a bearish EMA crossover and negative indicator readings. The 1-hour chart indicates a consolidation phase within a larger uptrend, suggesting that the current bearish move might be a short-term pullback. Given the conflicting signals between the 5-minute and 1-hour charts, a trade cannot be confidently executed at this time. It would be prudent to wait for a clear break below the 158.35 level, with a stop loss above 158.55, to confirm the short-term bearish trend before entering a short position. Alternatively, a bullish reversal at the 158.30 support level could be a signal to go long.",google,pending,,,,,,,,,2025-01-08 19:03:14+01:00
sell,158.3,158.624,157.972,"The 5-minute chart shows a clear downtrend with price below all EMAs, which are sloping downwards. The RSI and ROC confirm the bearish momentum. The MACD is showing a bullish crossover, but this is contradicted by the price action and other indicators. The 1-hour analysis also indicates a shift to bearish momentum, reinforcing the downtrend. A short trade can be confidently executed on a pullback to the 20 EMA (around 158.3) or a break below the recent low around 158.10, with a stop loss above the 20 EMA or R1 pivot point (158.624) and a take profit near the S1 pivot point (157.972) or the S2 pivot point (157.608).",google,pending,,,,,,,,,2025-01-09 02:03:12+01:00
sell,158.16,158.624,157.608,"The USD/JPY is exhibiting a clear downtrend on the 5-minute chart, supported by bearish EMAs, MACD, RSI, and ROC. The 1-hour analysis also indicates a short-term bearish reversal, reinforcing the bearish bias. The current price is 158.16, and a short trade could be considered on a retest of the 10 or 20 EMA, or on a break below the S1 pivot point at 157.972, with a stop loss above the 20 EMA or R1 pivot point at 158.624, and a take profit target near the S2 pivot point at 157.608. **A short trade can be confidently executed at this time.**",google,pending,,,,,,,,,2025-01-09 02:33:09+01:00
sell,158.2,158.624,157.972,"The USD/JPY is in a clear downtrend on the 5-minute chart, confirmed by price action below all EMAs, bearish indicators, and alignment with the 1-hour bearish trend. A short trade is favored, with a potential entry around 158.2, a stop loss above 158.624, and a target at 157.972.",google,pending,,,,,,,,,2025-01-09 03:03:09+01:00
sell,157.972,158.624,157.608,"The USD/JPY pair is exhibiting a clear downtrend on the 5-minute chart, supported by downward-sloping EMAs and bearish price action. The MACD, RSI, and ROC indicators suggest weakening bearish momentum, but the overall trend remains bearish. The 1-hour chart also confirms the bearish bias. A short trade can be confidently executed on a pullback towards the 10 or 20 EMA, or on a break below the S1 pivot point at 157.972, with a stop loss above the 20 EMA or R1 and a take profit near S2.",google,pending,,,,,,,,,2025-01-09 03:33:08+01:00
wait,,,,"The 5-minute chart shows a potential bullish reversal, supported by the indicators, but this is contradicted by the 1-hour downtrend. The price is currently below the 10 EMA and the pivot point at 158.260. A trade cannot be confidently executed at this time. We need to see a clear break above the 10 EMA and the pivot point at 158.260 for a long trade, or a failure to break above these levels for a short trade. We also need to monitor the price action around the 50 EMA on the 1-hour chart.",google,pending,,,,,,,,,2025-01-09 04:03:09+01:00
sell,157.972,158.624,157.608,"The USD/JPY is in a strong downtrend on the 5-minute chart, with the price below all EMAs and the EMAs sloping downwards. The MACD, RSI, and ROC indicators confirm the bearish momentum. The 1-hour analysis also supports the bearish bias. A short trade can be confidently executed on a break below the S1 pivot point at 157.972 or on a pullback to the 158.0 level, with a stop loss above 158.0 or the R1 pivot point at 158.624 and a take profit near the S2 pivot point at 157.608 or the S3 pivot point at 156.956.",google,pending,,,,,,,,,2025-01-09 04:33:10+01:00
sell,157.972,158.26,157.608,"The 5-minute chart shows a clear downtrend with the price below all EMAs. The MACD confirms bearish momentum, while the RSI and ROC suggest a potential for minor pullbacks. The 1-hour analysis also indicates a bearish trend. A short trade can be confidently executed on a pullback towards the 10 or 20 EMA, or on a break below the S1 support level at 157.972, with a target near the S2 support level at 157.608 and a stop-loss above the 20 EMA or the pivot point at 158.260.",google,pending,,,,,,,,,2025-01-09 05:03:12+01:00
sell,157.82,158.3,157.608,"The USD/JPY is in a strong downtrend on the 5-minute chart, with the price below all EMAs and indicators confirming bearish momentum. The 1-hour analysis also indicates a bearish shift, reinforcing the short-term bearish outlook. A short trade can be confidently executed, with a target at the S2 pivot point at 157.608 and a stop loss above the 10 EMA or the pivot point at 158.260.",google,pending,,,,,,,,,2025-01-09 05:33:11+01:00
wait,,,,"The USD/JPY 5-minute chart shows a downtrend, but recent price action and technical indicators suggest a potential short-term bullish reversal. The price is currently testing the 10 EMA and the pivot point (158.260). The hourly chart indicates a bearish trend, which contradicts the potential bullish reversal on the 5-minute chart. A trade cannot be confidently executed at this time. We need to observe if the price breaks above the 10 EMA and the pivot point (158.260) for a long trade, or if it fails to break above and starts to move downwards again for a short trade.",google,pending,,,,,,,,,2025-01-09 06:03:11+01:00
buy,158,157.972,158.624,"The 5-minute chart shows a bullish reversal after a downtrend, with the price breaking above key EMAs. The MACD confirms the bullish momentum, while the RSI and ROC are showing signs of weakening. The 1-hour chart indicates a bearish trend, which contradicts the 5-minute bullish move. A long trade can be considered with caution, on a pullback to 158.00 or on a break above 158.260, with a stop loss below 157.972 and a take profit around 158.624.",google,pending,,,,,,,,,2025-01-09 06:33:10+01:00
sell,157.972,158.624,157.608,"The USD/JPY is in a downtrend on the 5-minute chart, confirmed by the bearish alignment of EMAs and price action. The 1-hour analysis also indicates a bearish trend, reinforcing the short bias. The indicators show a potential short-term bullish correction, but the overall trend is bearish. A short trade can be confidently executed on a retest of the EMAs or a break below the S1 pivot point at 157.972, with a stop loss above the 50 EMA or the R1 pivot point at 158.624, and a target at the S2 pivot point at 157.608.",google,pending,,,,,,,,,2025-01-09 07:03:07+01:00
sell,158.624,158.7,157.972,"The 5-minute chart shows a downtrend with price below all EMAs. The MACD indicates a bullish crossover, but this is likely a short-term correction within the larger downtrend. The RSI and ROC are decreasing, suggesting weakening bullish momentum. The 1-hour analysis confirms the bearish bias. A short trade can be confidently executed on a pullback to the 10 or 20 EMA, or near the pivot point R1 at 158.624, with a stop loss above the 50 EMA or the R1 pivot point. The first take profit target should be the S1 pivot point at 157.972.",google,pending,,,,,,,,,2025-01-09 07:33:06+01:00
wait,,,,"The 5-minute chart shows a short-term bullish move after a downtrend, with the price breaking above the 10, 20 and 50 EMAs. However, the indicators and the hourly analysis suggest a potential downtrend. The 15M trend is currently bullish, contradicting the hourly bearish bias. A trade cannot be confidently executed at this time. We need to see a clear break above the 100 EMA and the R1 pivot point for a long trade, or a failure to break above these levels for a short trade. The current outlook is neutral, with a potential for a short-term bullish move followed by a potential downtrend.",google,pending,,,,,,,,,2025-01-09 08:03:08+01:00
wait,,,,"The USD/JPY 5-minute chart shows a downtrend leading into a consolidation phase. The EMAs are sloping downwards, indicating a bearish trend. The indicators confirm the bearish momentum, but the recent price action suggests a potential for a change in trend. The H1 analysis aligns with the 5M analysis, reinforcing the cautiously bearish bias in the short term. A trade cannot be confidently executed at this time, and it is best to wait for a clear breakout before entering a trade.",google,pending,,,,,,,,,2025-01-09 08:33:14+01:00
buy,158.15,158.05,158.624,"The 5-minute chart shows a clear uptrend in the shaded area, supported by the EMAs and the potential bullish crossover in the MACD. However, the hourly analysis suggests a potential downtrend, and the RSI and ROC are not fully aligned with the bullish price action. The 15-minute pivot points also suggest resistance levels above the current price. Therefore, a long trade can be considered on a pullback to the 10 or 20 EMA, with a stop-loss below the 50 EMA. The first target should be R1 (158.624). If the price fails to break above R1 and shows signs of reversal, a short trade could be considered.",google,pending,,,,,,,,,2025-01-09 09:03:12+01:00
wait,,,,"The 5-minute chart shows a downtrend followed by a period of consolidation and a recent attempt to move upwards. The price is currently hovering around the 10 and 20 EMAs. The indicators suggest a potential continuation of the downward trend, but the recent price action shows a potential for a short-term bullish move. The 1-hour analysis indicates a pullback from the recent uptrend, which aligns with the 5-minute chart. A trade cannot be confidently executed at this time. We need to see a clear breakout above 158.20 or below 158.10 to increase confidence in a potential trade.",google,pending,,,,,,,,,2025-01-09 09:33:12+01:00
wait,,,,"The USD/JPY 5-minute chart shows a consolidation around 158.1, with the price fluctuating around the 10, 20 and 50 EMAs. The indicators suggest a bearish bias, but the price action is not yet confirming this. The H1 analysis suggests a potential downtrend, but the 5-minute chart is showing a consolidation. A trade cannot be confidently executed at this time. We need to wait for a clear breakout from the 158.0-158.3 range before entering a trade.",google,pending,,,,,,,,,2025-01-09 10:03:11+01:00
wait,,,,"The USD/JPY is currently in a consolidation phase on the 5-minute chart, with the price moving sideways and the EMAs flattening. The indicators suggest weakening bearish momentum and a potential bullish crossover on the MACD, but the RSI is neutral and the ROC is slightly bearish. The 15-minute and 1-hour timeframes are also showing consolidation. It is best to wait for a clear breakout above 158.2 or below 157.972 with strong confirmation before entering a trade.",google,pending,,,,,,,,,2025-01-09 10:33:17+01:00
wait,,,,"The USD/JPY pair is currently in a consolidation phase on the 5-minute chart after a downtrend, with the price oscillating around the EMAs and the pivot point. The H1 trend is bearish, but the 5M is showing a potential for a reversal. The indicators suggest weakening bearish momentum. A trade cannot be confidently executed at this time. We need to see a clear break of the consolidation range to determine the next direction. A break below 157.972 would favor a short trade, while a break above 158.260 and the 100 EMA would favor a long trade.",google,pending,,,,,,,,,2025-01-09 11:03:14+01:00
sell,158.05,158.26,157.608,"The USD/JPY pair is exhibiting a strong bearish trend on the 5-minute chart, confirmed by the downward sloping EMAs, bearish candlestick patterns, and negative momentum indicators. The 1-hour analysis also supports this bearish bias. A short trade is favored, with potential entry points on a pullback to the EMAs or a break below the S1 support level at 157.972, and a target at the S2 support level at 157.608.",google,pending,,,,,,,,,2025-01-09 11:33:26+01:00
sell,157.972,158.1,157.608,"The 5-minute chart shows a clear downtrend with the price breaking below 158.1. The EMAs are sloping downwards, reinforcing the bearish bias. The indicators suggest a weakening bearish momentum, but the price action is still bearish. The H1 analysis also supports a bearish bias. A short trade can be confidently executed on a break below 157.972, with a stop loss above 158.1 and a target of 157.608.",google,pending,,,,,,,,,2025-01-09 12:03:09+01:00
sell,157.96,158.15,157.608,"The USD/JPY pair is showing a strong bearish trend on the 5-minute chart, confirmed by the EMAs, MACD, RSI, and ROC indicators. The price is below all key EMAs, and the indicators are all trending downwards. The 1-hour analysis also supports a bearish outlook. A short trade can be confidently executed at the current price or on a small pullback, with a stop loss above the 50 EMA and take profit targets at the S2 and S3 pivot points.",google,pending,,,,,,,,,2025-01-09 12:33:14+01:00
sell,157.97,158.1,157.61,"The USD/JPY is in a clear downtrend on the 5-minute chart, with the price below all key EMAs. The technical indicators (MACD, RSI, ROC) all confirm the bearish momentum. The 1-hour analysis also supports the bearish bias. A short trade can be confidently executed, with a potential entry on a pullback to the EMAs or on a break below the S1 pivot point at 157.972. Stop loss should be placed above the 50 EMA or R1 pivot point, and targets should be set at the S2 and S3 pivot points.",google,pending,,,,,,,,,2025-01-09 13:03:14+01:00
sell,157.85,157.95,157.608,"The USD/JPY is in a strong downtrend on the 5-minute chart, with the price below all EMAs and making lower lows. The MACD confirms the bearish momentum, while the RSI and ROC show some signs of weakening momentum, but not enough to negate the bearish bias. The 1-hour analysis also indicates a bearish trend, reinforcing the short bias. A short entry can be considered on a pullback to the 10 EMA (around 157.85) or the 157.972 (S1) pivot point, with a stop loss above the 20 EMA (around 157.95) or the 158.260 (P) pivot point, and targets at 157.608 (S2) and 156.956 (S3).",google,pending,,,,,,,,,2025-01-09 13:33:14+01:00
sell,157.972,158.26,157.608,"The USD/JPY 5-minute chart is in a downtrend, with the price below all EMAs, which are sloping downwards. The H1 timeframe also shows a downtrend, reinforcing the bearish bias. The indicators suggest a potential pullback, but the overall trend is still bearish. A short trade can be confidently executed on a pullback towards the 157.972 (S1) resistance level, with a stop-loss above 158.260 (P) and a target at 157.608 (S2).",google,pending,,,,,,,,,2025-01-09 14:03:35+01:00
sell,157.608,157.85,156.956,"The USD/JPY is in a strong downtrend on the 5-minute chart, confirmed by price action, EMAs, and technical indicators. The 1-hour chart also shows a downtrend, reinforcing the bearish bias. A short trade can be confidently executed on a break below 157.608 or on a pullback to 157.8 with a bearish reversal signal, targeting 156.956.",google,pending,,,,,,,,,2025-01-09 15:03:13+01:00
wait,,,,"The 5-minute chart shows a potential bullish reversal, with the price moving above the 10 and 20 EMAs, supported by bullish technical indicators. However, the 1-hour chart indicates a bearish trend, suggesting that the current upward move might be a pullback. The price is currently at 157.82, very close to the S1 pivot point at 157.972. Therefore, it is not advisable to enter a trade at this time. We need to see a clear break above the 50 EMA for a long trade, or a clear rejection at the 50 EMA and a move below the S1 pivot point for a short trade. The outlook for USD/JPY is uncertain in the very short term, with a potential for a short-term bullish move before the downtrend continues.",google,pending,,,,,,,,,2025-01-09 15:33:14+01:00
wait,,,,"The 5-minute chart shows a potential short-term bullish reversal, with the price moving above the 10 and 20 EMAs. However, the 50 and 100 EMAs are still sloping downwards, indicating that the overall trend is still bearish. The MACD shows a bullish crossover, but the RSI and ROC are trending downwards, creating conflicting signals. The 1-hour trend is bearish, which contradicts the potential short-term bullish move on the 5-minute chart. Given the conflicting signals and the contradiction between the timeframes, it is best to wait for further confirmation before entering a trade. We need to see a clear breakout or rejection at the 50 EMA and the pivot point at 158.260, confirmation from the RSI and ROC, and alignment between the 5-minute and 1-hour trends.",google,pending,,,,,,,,,2025-01-09 16:03:14+01:00
wait,,,,"The 5-minute chart shows a short-term bullish recovery within a larger downtrend on the 1-hour chart. The price is above the 10 and 20 EMAs, and the indicators support the bullish momentum. However, the conflicting signals between the 5-minute and 1-hour charts make it difficult to confidently execute a trade at this time. We need to wait for a clear break above the 50 EMA for a long trade or a break below the 20 EMA for a short trade. The key levels to watch are the 158.00 resistance, the 50 EMA on the 5-minute chart, and the pivot points.",google,pending,,,,,,,,,2025-01-09 16:33:12+01:00
buy,157.9,157.85,158.624,"The 5-minute chart shows a bullish trend with price above all EMAs, supported by MACD. RSI is approaching overbought, and ROC is sideways. The 1-hour chart indicates a bearish trend, creating a contradiction. A long trade can be considered on a pullback to the 10 EMA around 157.90, with a stop-loss below the 20 EMA around 157.85.",google,pending,,,,,,,,,2025-01-09 17:03:17+01:00
wait,,,,"The 5-minute chart shows a recent short-term bullish move, which is likely a pullback within the larger downtrend identified in the hourly chart. The indicators suggest weakening bullish momentum. The price is currently at 157.95, near the S1 pivot point at 157.972. A short trade could be considered if the price fails to break above the 100 EMA and shows signs of downward momentum. A long trade could be considered if the price breaks above the 100 EMA and holds above it, but this would be a counter-trend trade. It is best to wait for more confirmation before entering a trade.",google,pending,,,,,,,,,2025-01-09 17:33:23+01:00
wait,,,,"The USD/JPY 5-minute chart shows a recent bullish recovery, but the indicators and the 1-hour analysis suggest a bearish bias. The price is currently testing the 50 EMA and the 100 EMA is acting as a resistance. It is not advisable to confidently execute a trade at this time. It would be prudent to wait for a clear break above the 100 EMA and the 15-minute pivot point at 158.260 for a long position, or a break below the 50 EMA for a short position.",google,pending,,,,,,,,,2025-01-09 18:03:11+01:00
buy,158.26,157.972,158.624,"The USD/JPY 5-minute chart shows a strong uptrend, supported by bullish price action, upward-sloping EMAs, and positive momentum indicators. The 1-hour analysis also suggests a cautiously bullish outlook. A long trade can be confidently executed on a pullback to the 10-EMA or the pivot point, with a stop-loss below the 50-EMA or S1. The first target would be R1, followed by R2. The overbought RSI warrants caution for a potential pullback, but the overall bullish momentum is strong.",google,pending,,,,,,,,,2025-01-09 18:33:16+01:00
wait,,,,"The 5-minute chart shows a bullish trend, but the indicators suggest a potential bearish reversal. The 1-hour analysis is cautiously bullish but warns of a potential larger downtrend. A trade cannot be confidently executed at this time. It is recommended to wait for a clearer signal, such as a break below the 10 EMA for a short entry or a pullback to the 10 EMA for a long entry.",google,pending,,,,,,,,,2025-01-09 19:03:12+01:00
sell,158.1,158.2,157.651,"The USD/JPY 5-minute chart shows a clear downtrend with strong bearish momentum. The price is below all EMAs, which are sloping downwards. The MACD, RSI, and ROC indicators all confirm the bearish bias. The 1-hour analysis also suggests a potential bearish move. A short trade can be confidently executed on a pullback towards 158.1, with a stop loss above 158.2 and take profit targets at 157.651 and 157.200.",google,pending,,,,,,,,,2025-01-10 02:03:21+01:00
sell,158.12,158.22,157.65,"The 5-minute chart shows a clear bearish trend with the price below all EMAs and the MACD confirming the bearish momentum. The RSI and ROC are showing conflicting signals, suggesting a potential weakening of the downtrend. The 1-hour chart indicates a consolidation phase, which contradicts the 5-minute bearish trend. A short trade can be considered on a retest of the 10 or 20 EMA around 158.10-158.15, with a stop loss above the 50 EMA around 158.20 and a target at the S1 pivot point at 157.651. A long trade is not recommended at this time.",google,pending,,,,,,,,,2025-01-10 02:33:16+01:00
wait,,,,"The 5-minute chart shows a clear bearish trend with price below the EMAs and bearish indicator signals. The 15-minute pivot points provide clear support and resistance levels. The 1-hour analysis suggests a consolidation within an uptrend, which contradicts the 5-minute bearish trend. A short trade can be considered on a retest of the pivot point or the 10 EMA, with a stop loss above R1. A long trade can be considered if the price breaks back above the pivot point and the 10 EMA. Given the contradiction with the 1-hour analysis, caution is advised.",google,pending,,,,,,,,,2025-01-10 03:03:18+01:00
buy,158.2,158,158.47,"The USD/JPY is currently in a strong uptrend on the 5-minute chart, supported by bullish indicators and EMA alignment. The price is above all EMAs and is approaching the R1 resistance at 158.473. A long trade can be confidently executed on a pullback to the 10 or 20 EMA, or a retest of the 158.20 level, with a target at R1 and a stop-loss below the 20 EMA or the Pivot Point. The outlook for USD/JPY is bullish for the next few hours.",google,pending,,,,,,,,,2025-01-10 03:33:07+01:00
sell,158.35,158.5,158.05,"The 5-minute chart shows a clear bearish shift in the most recent period, with the price breaking below the 10 and 20 EMAs. The MACD, RSI, and ROC indicators all confirm this bearish momentum. The 15-minute pivot points indicate resistance at 158.473 and support at 158.022. The 1-hour analysis suggested a bullish trend, but the 5-minute chart shows a potential short-term correction. A short trade can be confidently executed on a retest of the 10 or 20 EMAs, with a stop-loss above 158.473 and a target at 158.022.",google,pending,,,,,,,,,2025-01-10 04:33:14+01:00
wait,,,,"The 5-minute chart shows a potential short-term downtrend, with the price breaking below the 10 EMA and testing the 20 EMA. The indicators support this bearish momentum. However, the 1-hour chart indicates a bullish trend, suggesting that the current bearish move might be a pullback. Therefore, a trade cannot be confidently executed at this time. We need to see a clear break below the 20 EMA for a short trade or a clear bounce off the 20 EMA and a break back above the 10 EMA for a long trade, with confirmation from the indicators. The key levels to watch are the 158.3 resistance and the 158.2 support.",google,pending,,,,,,,,,2025-01-10 05:03:08+01:00
buy,158.473,158,158.844,"The USD/JPY pair is showing a bullish trend on the 5-minute chart, supported by the EMAs and the hourly analysis. The price is currently at 158.3, with the immediate resistance at 158.473 and support at 158.022. The indicators are showing some conflicting signals, with the MACD suggesting a potential bullish move, while the RSI and ROC are showing weakening momentum. A long trade can be considered on a break above the R1 resistance or on a pullback to the 10 EMA or the pivot point, with a stop-loss below the 50 EMA.",google,pending,,,,,,,,,2025-01-10 05:33:11+01:00
buy,158.35,158.2,158.844,"The USD/JPY pair is showing a strong bullish trend on the 5-minute chart, supported by price action and EMAs. The 5M trend aligns with the bullish H1 trend, reinforcing the overall bullish bias. The indicators suggest weakening bullish momentum and potential bearish divergences, but the price action is still strongly bullish. A long entry on a pullback to the 10 EMA or 20 EMA is recommended, with a stop-loss below the 50 EMA. The first target for long positions is the R2 pivot point at 158.844.",google,pending,,,,,,,,,2025-01-10 06:33:10+01:00
wait,,,,"The USD/JPY is in an uptrend on the 5-minute chart, supported by the EMAs. However, the indicators suggest a potential bearish shift in momentum. The price is consolidating near the R1 resistance level. The 1-hour chart is bullish, but the 15-minute pivot points show that the price is at a resistance level. A trade cannot be confidently executed at this time. We need to wait for a clear break above R1 or below the 10 EMA to increase confidence in a potential trade.",google,pending,,,,,,,,,2025-01-10 07:03:10+01:00
wait,,,,"The 5-minute chart shows a potential bearish reversal after a strong uptrend, with the price breaking below the 10 EMA and the indicators turning bearish. The 1-hour chart is still showing a bullish trend, creating a contradiction between the two timeframes. The immediate support is around 158.30 (20 EMA) and the immediate resistance is around 158.47 (R1 pivot point). A trade cannot be confidently executed at this time. We need to see a clear break below the 20 EMA for a short trade, or a clear bounce off the 20 EMA and a break above the 10 EMA for a long trade.",google,pending,,,,,,,,,2025-01-10 07:33:08+01:00
sell,158.3,158.48,158.02,"The 5-minute chart shows a bearish reversal after a strong uptrend. The price has broken below the short-term EMAs, and the indicators are strongly bearish. The H1 analysis suggested a potential pullback, and the current price action confirms that this pullback is underway. A short trade can be confidently executed on a retest of the 10 or 20 EMA, or if the price breaks below the 50 EMA, with a stop loss above the recent high at 158.473. The first target would be the Pivot Point at 158.022, followed by the S1 pivot point at 157.651.",google,pending,,,,,,,,,2025-01-10 08:03:09+01:00
buy,158.473,158.022,158.844,"The USD/JPY is showing a short-term bullish trend on the 5-minute chart, with the price above the EMAs and indicators supporting a potential upward move. The 5-minute trend aligns with the bullish bias on the 1-hour chart. A long trade can be confidently executed on a pullback to the EMAs or on a break above the R1 resistance at 158.473, with a stop loss below the 50 EMA or the pivot point at 158.022. Take profit targets can be set at R2 (158.844) and R3 (159.666).",google,pending,,,,,,,,,2025-01-10 08:33:25+01:00
buy,158.473,158.022,158.844,"The USD/JPY is in a clear uptrend on the 5-minute chart, supported by the price action, upward-sloping EMAs, and bullish indicators. The price is currently consolidating near the highs, and a potential long entry could be considered on a pullback to the 10 EMA or on a break above the R1 pivot point at 158.473. The 1-hour analysis also confirms the bullish bias. A long trade can be confidently executed at this time, with a stop loss below the 20 EMA or the pivot point (P) at 158.022, and a take profit target at the R2 pivot point at 158.844.",google,pending,,,,,,,,,2025-01-10 09:03:09+01:00
sell,158.33,158.844,158.022,"The USD/JPY 5-minute chart shows a bearish shift, with the price breaking below all EMAs. The MACD, RSI, and ROC indicators confirm the bearish momentum. The 15-minute pivot points provide clear resistance and support levels. The 1-hour analysis suggests a potential for a short-term correction, but the 5-minute chart indicates a more immediate bearish move. A short trade can be confidently executed at this time, with a stop loss above R2 (158.844) and take profit targets at the pivot point (158.022), S1 (157.651) and S2 (157.200).",google,pending,,,,,,,,,2025-01-10 09:33:15+01:00
sell,158,158.2,157.2,"The USD/JPY is exhibiting a strong bearish trend on the 5-minute chart, with the price below all EMAs and the EMAs sloping downwards. The MACD and ROC support this bearish momentum, while the RSI suggests a potential short-term bounce. The H1 trend also confirms the bearish bias. A short trade can be confidently executed on a pullback to the 10 EMA or the 158.00 resistance level, or on a break below the S1 pivot point at 157.651. The target would be the S2 pivot point at 157.200.",google,pending,,,,,,,,,2025-01-10 10:33:19+01:00
wait,,,,"The USD/JPY pair is showing conflicting signals. The 5-minute chart and indicators suggest a potential short-term bullish reversal, while the 1-hour chart and 15M pivot points indicate a bearish trend. Therefore, it is not advisable to execute a trade at this time. We need to wait for a clear break of the 20 EMA for a long trade or a failure to break above the 20 EMA for a short trade, with confirmation from the indicators, before considering a trade.",google,pending,,,,,,,,,2025-01-10 11:03:12+01:00
sell,157.8,158.03,157.65,"The USD/JPY 5-minute chart shows a bearish trend with the price below downward-sloping EMAs. The indicators suggest a potential for a short-term pullback, but the price action is not yet confirming this. The 1-hour analysis also supports a bearish outlook. A short trade can be considered on a break below 157.80 or a rejection at the 10 EMA, with a stop loss above 158.022 and a target at 157.651.",google,pending,,,,,,,,,2025-01-10 11:33:18+01:00
buy,158.07,158,158.47,"The 5-minute chart shows a bullish trend with the price above the EMAs, supported by the MACD. However, the RSI is approaching overbought levels, and the ROC is stabilizing. The 1-hour chart indicates a bearish bias, which contradicts the 5-minute trend. A long trade can be considered on a pullback to the EMAs, with a stop-loss below the pivot point. Profit targets should be set conservatively, considering the potential for a pullback or a continuation of the larger downtrend.",google,pending,,,,,,,,,2025-01-10 12:03:15+01:00
wait,,,,"The USD/JPY 5-minute chart shows a recent bullish recovery after a sharp downtrend. The price is above the 10, 20 and 50 EMAs, but the indicators suggest weakening momentum. The 1-hour chart indicates a bearish trend, contradicting the 5-minute chart's short-term bullish move. The current price is around 158.12, with potential resistance at 158.2 (100 EMA), 158.473 (R1) and 158.844 (R2), and support at 158.022 (P) and 157.651 (S1). A trade cannot be confidently executed at this time due to conflicting signals. We need to see a clear break above the 100 EMA for a long trade or a rejection at the 100 EMA for a short trade, with confirmation from the indicators.",google,pending,,,,,,,,,2025-01-10 12:33:28+01:00
sell,158,158.473,157.651,"The USD/JPY 5-minute chart shows a clear downtrend with the price below all EMAs, which are sloping downwards. The indicators (MACD, RSI, ROC) confirm the bearish momentum. The 1-hour analysis also suggests a bearish shift. A short trade can be confidently executed, with potential entry points on a pullback to the EMAs or on a break below the current price of 158.0. Stop loss should be placed above the 20 EMA or R1 pivot point, and take profit targets should be around the S1 and S2 pivot points.",google,pending,,,,,,,,,2025-01-10 13:03:11+01:00
sell,157.85,158.1,157.651,"The USD/JPY is in a clear downtrend on the 5-minute chart, with the price below all EMAs and bearish momentum confirmed by the MACD, RSI, and ROC indicators. The 1-hour timeframe also shows a bearish trend, reinforcing the short bias. A short entry can be considered on a pullback to the 10 or 20 EMA, or on a break below the recent low of 157.85, with a target at the S1 pivot point of 157.651. The outlook for USD/JPY is bearish in the short term.",google,pending,,,,,,,,,2025-01-10 13:33:15+01:00
sell,158,158.2,157.651,"The USD/JPY is showing a clear downtrend on the 5-minute chart, with the price below all EMAs and the EMAs sloping downwards. The MACD is bearish, and the 1-hour analysis also indicates a bearish shift. The pivot points provide clear support and resistance levels. A short trade can be confidently executed on a pullback to the EMAs or on a break below the recent low, with a target at the S1 pivot point.",google,pending,,,,,,,,,2025-01-10 14:03:15+01:00
wait,,,,"The USD/JPY has experienced a strong bullish move on the 5-minute chart, breaking above all EMAs. The MACD supports this bullish momentum, but the RSI and ROC suggest a potential weakening of this momentum. The price is currently near the R2 resistance level. The hourly chart analysis indicates an overall uptrend but with signs of weakening momentum. A pullback to the 158.473 (R1) level is likely. It is recommended to wait for a pullback or a break below this level before considering a trade.",google,pending,,,,,,,,,2025-01-10 15:03:11+01:00
sell,158.35,158.48,158.02,"The 5-minute chart shows a clear bearish trend, supported by price action, EMAs, and technical indicators. The current price is 158.23. The MACD, RSI, and ROC all indicate strong downward momentum. The 1-hour analysis suggests a bullish trend with potential for a pullback, which is what we are currently seeing on the 5-minute chart. A short trade can be confidently executed on a retest of the 10-EMA or 20-EMA, with a stop-loss above the R1 pivot point. The first target would be the pivot point at 158.022, followed by the S1 pivot point at 157.651.",google,pending,,,,,,,,,2025-01-10 15:33:08+01:00
sell,158.2,158.48,157.65,"The USD/JPY is in a clear downtrend on the 5-minute chart, with the price below all EMAs and the EMAs sloping downwards. The MACD confirms the bearish momentum, while the RSI and ROC suggest a potential weakening of selling pressure. The 1-hour analysis also indicates a bearish trend, reinforcing the short-term bearish bias. A short trade can be confidently executed on a pullback to the 10 EMA or a break below the Pivot Point, with a stop loss above the R1 resistance and a target at the S1 support.",google,pending,,,,,,,,,2025-01-10 16:03:36+01:00
sell,157.651,158,157.2,"The USD/JPY is in a strong downtrend on the 5-minute chart, confirmed by bearish price action, downward sloping EMAs, and bearish signals from the MACD, RSI, and ROC indicators. The 1-hour analysis also supports this bearish bias. A short trade can be confidently executed with a target at the 157.200 (S2) pivot point.",google,pending,,,,,,,,,2025-01-10 16:33:10+01:00
wait,,,,"The USD/JPY pair is currently in a short-term bullish correction on the 5-minute chart, with the price testing the 50 EMA. However, the 1-hour chart and 15M pivot points indicate a bearish trend. The indicators are supporting the short-term bullish move, but this could be a temporary retracement. A trade cannot be confidently executed at this time. We need to see a clear break above the 50 EMA for a long trade or a rejection at the 50 EMA for a short trade. The overall outlook for USD/JPY is bearish in the short to medium term, but a short-term bullish correction is possible.",google,pending,,,,,,,,,2025-01-10 17:33:06+01:00
sell,157.65,157.85,157.2,"The USD/JPY 5-minute chart shows a consolidation after a downtrend. The price is oscillating around the 10 and 20 EMAs, while the 50 and 100 EMAs are sloping downwards. The MACD is showing a potential bullish crossover, but the RSI and ROC are not confirming this. The H1 trend is bearish, while the 15M is sideways. A short trade can be considered on a break below the 157.65 support level, with a stop-loss above 157.85 and a target of 157.20. A long trade is not recommended at this time.",google,pending,,,,,,,,,2025-01-10 18:33:10+01:00
