rationale,strategy,entry_point,take_profit,stop_loss,confidence_score,status,provider,take_profit_custom,stop_loss_custom,price_at_order,entry_time,entry_price,close_time,close_price,profit,order_time
"The 5-minute chart shows a clear uptrend with the price pushing higher, breaking above the 10 and 20 period SMAs. This indicates a short-term bullish momentum. The RSI is at 65, indicating the price is nearing overbought territory but not there yet. The MACD shows a bullish signal with the red line crossing above the green line, and the ROC is positive, confirming upward momentum.
The hourly analysis indicated a medium-term bullish trend with a recent pullback that has ended. Key support levels are at 156.00 and 155.50, with resistance at 157.58. The current price is above the support levels and moving towards the resistance, suggesting bullish control.
The 15-minute pivot points show the current price of 156.407 is above the pivot point of 156.763, indicating a bullish zone. Nearest resistance is at 157.569, aligning with the hourly resistance analysis.
The immediate trend is bullish, with strong upward momentum on the 5-minute chart. A potential long entry could be considered on a minor pullback towards the 156.35-156.40 area, with a stop loss below 156.20. Targets are set at 156.763, 157.00, and 157.569.
The economic events indicate that there are no immediate past events affecting the market. The upcoming US Durable Goods Orders on December 24th may affect the market, but until then, reduced volatility is expected due to the holiday period. This suggests a stable environment for executing short-term trades.The technical analysis indicates a strong bullish momentum with the price breaking above key moving averages and approaching resistance levels. The lack of immediate economic events suggests stable market conditions, allowing for a short-term trade. A minor pullback entry aligns with the current upward trend, and the defined stop loss and take profit levels are based on technical support and resistance.",buy,156.38,157.0,156.2,4,pending,openai,,,,,,,,,2024-12-23 00:30:40+01:00
"The 5-minute chart shows a clear uptrend with the price breaking above the 10 and 20 period SMAs. The most recent candles show a slight hesitation near the 156.50 level, but the overall momentum is still upward.
The price is currently trading above the 10 and 20 SMAs, which are both sloping upwards. This confirms the short-term bullish momentum. The 50, 100 and 150 SMAs are still above the current price, but the price is approaching them.
The RSI is around 65, indicating that the price is approaching overbought territory. The MACD shows that the red line has crossed above the green line, which is a bullish signal. The ROC is also positive, further confirming the upward momentum.
The previous hourly analysis identified a medium-term bullish trend with a recent pullback. The 5-minute chart confirms that the pullback has ended and the uptrend has resumed. Key support levels are well below the current price, suggesting that the bulls are in control.
The current price of 156.407 is above the 15-minute pivot point of 156.763. The nearest resistance is R1 at 157.569, which is very close to the resistance level identified in the hourly analysis. The nearest support is the pivot point at 156.763, which is below the current price.
The immediate trend is bullish, with the price showing strong upward momentum on the 5-minute chart. Given the current momentum, a long entry could be considered on a minor pullback towards the 156.35-156.40 area, with a stop loss placed below the 156.20 level. The first target would be the 156.763 pivot point, and then the 157.00 level, followed by the 157.569 pivot point and the 157.58 resistance level from the hourly analysis.
There are no past events to summarize as no important events have occurred today. Upcoming economic events include the US Durable Goods Orders MoM on December 24th, with a forecast of -0.4%, which could cause some volatility, but the main impact will likely be after the holiday period when the ISM Manufacturing and Services PMI are released. The FOMC minutes on January 8th will also be important. However, the time gap between the Durable Goods Orders and the ISM data suggests reduced market volatility during the holiday period.
Based on the technical analysis, the bullish momentum is strong, and a long trade can be confidently executed on a pullback towards 156.35-156.40. The stop loss is placed below the 156.20 level to protect against unexpected reversals. Take profit targets are set at 156.763, 157.00, 157.569 and 157.58. The upcoming economic events are not expected to significantly impact the trade in the short term, given the holiday period and the time gap between the events.The 5-minute chart shows a clear uptrend with the price above key moving averages. The RSI is approaching overbought but still has room to run, and the MACD and ROC confirm bullish momentum. The price has broken out of recent consolidation and is showing strong upward momentum, which is in line with the medium-term bullish trend identified in the hourly analysis. A pullback to the 156.35-156.40 area presents a good entry point.",buy,156.37,157.58,156.19,4,pending,google,,,,,,,,,2024-12-23 00:30:49+01:00
"The 5-minute chart shows a consolidation phase after a previous uptrend, with price fluctuating between 156.35 and 156.50. The moving averages indicate a bullish bias, but the consolidation suggests potential exhaustion of the uptrend. Key technical indicators like RSI and MACD show weakening momentum, aligning with the consolidation phase.
The pivot point analysis shows that the current price is significantly above the 15-minute pivot points, making them irrelevant for short-term analysis. Immediate resistance is at 156.60, and immediate support is at 156.35, with a potential support zone around the SMA50 at 156.241.
Recent economic events show slightly better-than-expected data from both Japan and the U.S., indicating stability in their respective economies. However, the slight improvements are not enough to strongly influence the USD/JPY in either direction. Upcoming U.S. economic events, such as Initial Jobless Claims and Trade Balance, could impact the pair, but there is a time gap before these events occur, allowing the market to digest previous data.
Given the consolidation phase and lack of strong directional momentum, combined with the absence of immediate impactful economic events, it is prudent to wait for a clearer signal before entering a trade. A break above 156.60 with strong momentum could signal a buy, while a break below 156.35 with bearish momentum could signal a sell.The USD/JPY is currently in a consolidation phase with no strong directional momentum. Technical indicators suggest potential exhaustion of the recent uptrend, and economic events are not expected to provide immediate impact. Therefore, it is best to wait for a clearer breakout signal before entering a trade. A break above 156.60 could indicate a buy opportunity, and a break below 156.35 could indicate a sell opportunity.",wait,0.0,0.0,0.0,3,pending,openai,,,,,,,,,2024-12-23 00:40:29+01:00
"The 5-minute chart shows consolidation after an upward move, with the price fluctuating between 156.35 and 156.50. Moving averages suggest a bullish bias, but the recent consolidation is weakening the signal. The RSI is around 60, indicating bullish momentum but not overbought. The MACD is showing decreasing positive momentum, and the ROC is negative, which all align with the consolidation. The 15-minute pivot points are not relevant for this short-term analysis.
The current price of 156.407 is significantly above the 15-minute pivot points. The closest pivot point is R1 at 147.62. This means the pivot points are not relevant for our short-term analysis.
The 5-minute chart confirms the previous hourly analysis, which identified a bullish trend but noted signs of potential exhaustion. The consolidation on the 5-minute chart supports the idea that the recent upward momentum is slowing down. The hourly analysis mentioned 156.60 as immediate resistance, and the 5-minute chart shows the price is struggling to break above this area. Immediate resistance is at 156.60 and immediate support at 156.35. The SMA50 around 156.241 could provide support if the price breaks below 156.35.
The Japanese Leading Indicators came in slightly above expectations, indicating a marginally stronger economic outlook. The U.S. Initial Jobless Claims were slightly better than expected, suggesting a stable labor market. U.S. Factory Orders showed a minor decline, indicating resilience in manufacturing. Upcoming U.S. economic events include the Initial Jobless Claims, Trade Balance, and Factory Orders. There is a significant time gap between past and upcoming U.S. economic events. Traders should watch for the upcoming U.S. economic data, particularly the Initial Jobless Claims and Trade Balance, as they could influence USD/JPY movements.
Based on the available information, a trade cannot be confidently executed at this time. The current consolidation makes it unclear whether the price will break higher or lower. To increase confidence in a potential trade, we would need to see a clear break above 156.60 with strong bullish momentum for a long position, or a clear break below 156.35 with strong bearish momentum for a short position. Until we see one of these scenarios play out, it's best to remain patient and observe the price action.The USD/JPY is currently in a consolidation phase with no clear directional momentum. The technical indicators show indecision, and the price is fluctuating within a tight range. While the overall trend is bullish, the recent consolidation suggests a potential pullback or a period of sideways movement. Upcoming economic events could introduce volatility, but until a clear breakout occurs, it's best to wait and observe the price action. Therefore, no trade is recommended at this time.",wait,0.0,0.0,0.0,1,pending,google,,,,,,,,,2024-12-23 00:40:36+01:00
"The 5-minute chart shows a clear downtrend for USD/JPY, with the price breaking below the SMA10 and SMA20, and currently testing the SMA50 as support. The momentum indicators, such as the MACD and RSI, confirm bearish pressure, suggesting a continuation of the downtrend. Immediate resistance is at the SMA10 and SMA20, with potential support at the SMA100 and SMA150.
The 15-minute pivot points are significantly lower than the current price, indicating they are not relevant for the immediate short-term outlook. This reinforces the focus on the 5-minute chart for near-term trading decisions.
The recent economic events show slight economic strength for JPY and stable conditions for the USD, with jobless claims better than expected. However, the larger trade deficit for the USD could weigh on the currency. Upcoming US economic data, including factory orders, could influence USD/JPY, but the current technical setup suggests immediate bearish pressure.
Considering the technical analysis and economic events, the short-term outlook for USD/JPY is bearish. The price action and momentum indicators suggest a continuation of the downtrend, with potential entry points on a retest of resistance levels and targets at lower support levels.The technical analysis indicates a bearish momentum with the price below key moving averages and testing support. Economic indicators show mixed results but do not contradict the technical bearish outlook. Therefore, a short position is justified, targeting lower support levels with a stop loss above immediate resistance to manage risk.",sell,156.497,156.328,156.526,4,pending,openai,,,,,,,,,2024-12-23 03:03:43+01:00
"The 5-minute chart indicates a downtrend with the price breaking below the SMA10 and SMA20. The SMA50 is being tested as support, and momentum indicators (MACD and RSI) are bearish. This suggests a potential short opportunity.
The 15-minute pivot points are not relevant for a short-term trade as they are far below the current price.
The current price of 156.444 is below the SMA10 and SMA20, confirming the short-term bearish trend.
The previous hourly analysis suggested a pullback, which is now confirmed by the 5-minute chart. The SMA10 and SMA20, previously considered as support, are now acting as resistance.
Based on the technical analysis, a short trade is recommended on a retest of the SMA10 or SMA20 (around 156.50), with a stop loss above the SMA20 (around 156.55) and a take profit target at the SMA100 (around 156.33). The confidence score is 4 due to the clear downtrend and momentum.
The recent news does not provide any specific impact on the USD/JPY pair. The JPY Leading Indicators were slightly better than expected, while the USD Initial Jobless Claims and Trade Balance were also slightly better than expected. The upcoming US Initial Jobless Claims and Trade Balance figures are expected to remain stable. The US Factory Orders are anticipated to decline by 0.5% which could indicate a slowdown in manufacturing activity. The Natural Gas Storage report is expected to show an increase of 93B. These events do not significantly alter the short-term bearish outlook.The 5-minute chart shows a clear downtrend with the price breaking below the SMA10 and SMA20, which now act as resistance. A short entry on a retest of these levels provides a good risk-reward ratio. The MACD and RSI confirm the downward momentum. The previous hourly analysis suggested a pullback, which is now materializing.",sell,156.5,156.33,156.55,4,pending,google,,,,,,,,,2024-12-23 03:03:48+01:00
"The recent news highlights a potential bearish outlook for USD/JPY due to cooler-than-expected U.S. inflation data, which may lead to a softer dollar as traders anticipate potential rate cuts in 2025. However, the yen's weakness and potential intervention by Japanese authorities could counteract this to some extent. The divergence in monetary policy between the U.S. and Japan supports the dollar's strength in the short term, but the possibility of U.S. rate cuts could alter this dynamic. Overall, the news suggests a complex environment with mixed signals.
The technical analysis shows that USD/JPY is currently consolidating after reaching a high of 156.5535. The 5-minute chart indicates a lack of strong directional momentum, with the price hovering around the SMA10 and SMA20. The RSI is neutral, and the MACD suggests weakening bullish momentum. The hourly analysis suggests overbought conditions, supporting a potential pullback. Key levels identified are resistance at 156.5535 and support around 156.40-156.45. A short trade is suggested if the price breaks below the SMA10 and SMA20.
Upcoming economic events include the US Initial Jobless Claims and Trade Balance at 08:30. The Initial Jobless Claims forecast is slightly higher than prior, suggesting a potential weakening in the labor market, which could impact the USD negatively if the actual figures are higher than expected. The Trade Balance is expected to remain unchanged. These events could introduce volatility into the USD/JPY pair, especially if there are significant deviations from forecasts.Given the technical analysis indicating a potential pullback due to overbought conditions and weakening momentum, along with news suggesting a softer dollar due to cooling U.S. inflation, a short position is recommended. The upcoming economic events could introduce volatility, particularly if Initial Jobless Claims are higher than expected, further supporting a bearish outlook. The strategy focuses on entering a short trade if the price breaks below the SMA10 and SMA20, aligning with the technical setup and potential news impact.",sell,156.4,156.32,156.56,4,pending,openai,,,,,,,,,2024-12-23 04:04:09+01:00
"The recent news highlights a complex interplay of factors, including U.S. inflation data, Federal Reserve policies, and Japanese monetary strategies. The cooler-than-expected inflation in the U.S. suggests a potential for a weaker dollar, which could lead to a bearish outlook for USD/JPY. However, the Bank of Japan's dovish stance and potential intervention by Japanese authorities add uncertainty. The market sentiment is mixed, with improved risk appetite but concerns about a potential U.S. government shutdown. Overall, the news suggests a potentially volatile environment with opportunities for both upward and downward movements.
The 5-minute chart analysis shows that the price has been consolidating after reaching a high of 156.5535, with relatively small candles indicating a lack of strong directional momentum. The price is currently trading around the SMA10 and SMA20, with the RSI around 50, indicating neutral momentum. The MACD histogram bars are decreasing, suggesting a potential loss of bullish momentum. The hourly analysis points to overbought conditions and a potential pullback. Combining the 5-minute chart with the hourly analysis, a short trade is more likely to be profitable if the price breaks below the SMA10 and SMA20.
The upcoming economic events include the US Initial Jobless Claims and Trade Balance at 08:30, and Factory Orders at 10:00. The Initial Jobless Claims are forecasted to be slightly higher than the prior, which could indicate a slight weakening in the labor market. The Trade Balance is expected to remain unchanged. Factory Orders are forecasted to decrease by 0.5%. These events could introduce volatility into the market, but the technical analysis suggests a short trade is more probable if the price breaks below the SMA10 and SMA20.
Based on the analysis, a short trade is proposed. The entry point is set at 156.45, which is slightly below the SMA10 and SMA20. The take profit is set at 156.32, targeting the SMA100. The stop loss is set at 156.56, above the recent high, to protect against potential upward spikes. The confidence score is set to 2, reflecting the potential for volatility due to upcoming economic events and the mixed signals from the news.Given the overbought conditions identified in the hourly analysis, the current consolidation, and the weakening momentum on the 5-minute chart, a potential short trade could be considered if the price breaks below the SMA10 and SMA20 (around 156.40-156.45). The upcoming economic news could introduce volatility, but the technical setup suggests a potential short-term pullback.",sell,156.45,156.32,156.56,2,pending,google,,,,,,,,,2024-12-23 04:04:16+01:00
"The recent news indicates a mixed sentiment for USD/JPY. While the U.S. dollar has shown resilience due to high bond yields and strong economic data, recent cooler-than-expected inflation data has led to a weakening of the dollar against the yen. This suggests a potential bearish sentiment for the USD in the short term. However, the yen's weakness and the risk of intervention by Japanese authorities add complexity. The Bank of Japan's dovish stance continues to weigh on the yen, but verbal interventions could provide temporary support.
Technical analysis shows that USD/JPY is currently in a consolidation phase on the 5-minute chart, with the price fluctuating between 156.48 and 156.60. The moving averages (10 and 20 SMAs) are acting as dynamic support around 156.50. The RSI and MACD suggest neutral momentum, indicating indecision in the market. The immediate resistance is at 156.60, with stronger support around 156.38 (100 and 150 SMAs). The hourly analysis suggests an overall bullish trend, but with potential for a short-term pullback.
The recent stronger-than-expected JPY Leading Indicators suggest potential short-term strength for the yen, which could support a bearish move in USD/JPY. Upcoming U.S. economic events, particularly the Initial Jobless Claims, could introduce volatility. A higher-than-expected jobless claims figure could weaken the USD further, aligning with the bearish sentiment from the recent inflation data. However, the time gap between these events allows for potential market stabilization before these releases.
Considering the mixed news sentiment, technical consolidation, and upcoming economic events, the market is in a state of indecision. The technical setup suggests waiting for a breakout from the current consolidation range to confirm a directional move. A break above 156.60 would suggest a bullish continuation, while a break below 156.50 could indicate a bearish reversal, especially if supported by weaker U.S. economic data.Given the current consolidation phase in the technical analysis and the mixed sentiment from recent news and economic events, it's prudent to wait for a clear breakout from the current range. This approach minimizes risk by avoiding trades in a directionless market and allows for a more informed decision once a breakout occurs. Monitoring the upcoming U.S. economic data will be crucial in determining the next directional move for USD/JPY.",wait,0.0,0.0,0.0,3,pending,openai,,,,,,,,,2024-12-23 05:04:02+01:00
"The recent news indicates mixed market sentiment, with dollar strength supported by high bond yields but weakened by recent inflation data. The Japanese yen is weak, with potential intervention risks. Market volatility is expected due to thin liquidity and upcoming economic events. The short-term outlook suggests further volatility, while the medium-term outlook indicates potential dollar depreciation later in 2025. This suggests a cautious approach is warranted, with potential for both bullish and bearish movements.
The 5-minute chart shows consolidation after a recent upward move, with the price fluctuating between 156.48 and 156.60. The 10 and 20 SMAs are acting as dynamic support around 156.50, while the 50 SMA is slightly below. The RSI is neutral, and the MACD shows a loss of momentum. Immediate resistance is at 156.60, and immediate support is around 156.50. A breakout strategy might be suitable, but a clear break of either the resistance or support level is needed before initiating a trade. The hourly analysis shows a strong bullish trend, but the 5-minute chart suggests a short-term pullback or consolidation. This further supports the need for a cautious approach and waiting for a clear signal.
The JPY Leading Indicators were stronger than expected, which could support the JPY in the short term. The upcoming US Initial Jobless Claims are expected to be slightly higher, potentially indicating a weakening labor market. The US Trade Balance and Factory Orders could further influence USD movements. There is a time gap between the JPY data and the US data releases, which could allow for market stabilization before potential volatility. This suggests that the market may remain in consolidation until the US data is released, further supporting the wait strategy.
Based on the analysis of recent news, technical indicators, and economic events, the market is currently in a consolidation phase. While the overall trend is still bullish, the lack of clear direction on the 5-minute chart makes it difficult to confidently execute a trade at this exact moment. A breakout is needed to provide a clear signal. Therefore, I will wait for a breakout before initiating a trade. If the price breaks and closes above 156.60, a buy trade could be considered. If the price breaks and closes below 156.48, a sell trade could be considered. Until then, it is best to wait.The market is currently in a consolidation phase on the 5-minute chart. While the overall trend is still bullish, the lack of clear direction on the 5-minute chart makes it difficult to confidently execute a trade at this exact moment. A breakout is needed to provide a clear signal. Therefore, I will wait for a breakout before initiating a trade.",wait,156.6,156.75,156.48,1,pending,google,,,,,,,,,2024-12-23 05:04:09+01:00
"The recent news highlights a complex situation for USD/JPY. The U.S. inflation data has been cooler than expected, leading to a dovish outlook on the Federal Reserve's future policy, which could weaken the USD. However, the USD remains strong due to high bond yields and a robust economy. The BoJ's dovish stance contributes to yen weakness, but potential intervention could occur if the yen depreciates significantly. Current market sentiment is mixed, with a bullish outlook for the USD but caution due to potential Japanese intervention and geopolitical risks.
The technical analysis of the USD/JPY shows a short-term bullish bias with the price consolidating around 156.608, above the 50 SMA on the 5-minute chart. The RSI and MACD indicate potential for further upward movement, but the momentum is not strong. Key levels include support at the 50 SMA (156.497) and resistance at the recent high of 156.825. The market is in a consolidation phase, and a clear break above 156.825 is needed for a long entry.
The economic events show that recent U.S. data has been slightly better than expected, supporting the USD. Upcoming events include Initial Jobless Claims and Trade Balance, which could increase USD volatility. The time gap between past and upcoming events allows for market digestion, but traders should prepare for potential USD movements around the release times.Given the current technical setup, with the USD/JPY consolidating and showing a short-term bullish bias, but with momentum not strongly supporting a breakout, combined with the mixed economic and news outlook, it is prudent to wait for a clearer signal. The potential for Japanese intervention and upcoming economic data releases add uncertainty. A clear break above 156.825 with strong momentum would suggest a long entry, but until then, the risk of entering a trade is high. Waiting allows for a better assessment of market direction following the economic data releases.",wait,0.0,0.0,0.0,3,pending,openai,,,,,,,,,2024-12-23 06:04:05+01:00
"The recent news highlights a complex situation with the USD/JPY pair. The potential for Fed rate cuts is creating a weaker dollar sentiment, but this is counteracted by the dollar's strength due to high bond yields. The Bank of Japan's dovish stance is weakening the yen, but there is a risk of intervention. Overall, the market sentiment is mixed, with both bullish and bearish factors at play. This makes it difficult to predict the market's direction with high confidence.
The technical analysis of the 5-minute chart shows a short-term bullish bias, with the price above the 10, 20, and 50 SMAs. However, the momentum is decreasing, and the price is consolidating around the 156.608 level. The recent high of 156.825 acts as resistance, and the 50 SMA around 156.497 provides support. The RSI is not overbought, and the MACD shows a positive divergence, but the ROC is decreasing. This suggests that the bullish momentum is slowing down. The 15-minute pivot points are not relevant at this time. The technical analysis suggests waiting for a clear break above the 156.825 resistance or a pullback to the 50 SMA before entering a trade.
The economic events data shows that past events had mixed impacts, with positive data for the USD (Initial Jobless Claims and Trade Balance) and negative data for the GBP (Construction PMI). Upcoming events include US Initial Jobless Claims, Trade Balance, and Factory Orders, which could introduce volatility. The time gap between past and future events allows for market digestion, but the new data releases could cause significant USD movements. Therefore, it is prudent to wait and see how the market reacts to the upcoming economic data.
Considering all the information, a clear trading strategy is not evident at this time. The mixed signals from news, technical analysis, and economic events suggest a high degree of uncertainty. Therefore, the best course of action is to wait for a clearer market direction. A buy or sell trade cannot be confidently executed at this time. The entry point, take profit, and stop loss are set to None, and the confidence score is set to 1 to reflect the lack of confidence in any particular strategy.Based on the provided information, the market is showing mixed signals. The technical analysis indicates a short-term bullish bias but with decreasing momentum and consolidation around the 156.608 level. The recent news suggests a complex interplay of factors, including potential Fed rate cuts, dollar strength, and possible Japanese intervention. Upcoming economic events may introduce volatility. Given these uncertainties, it is best to wait for a clearer market direction before entering a trade.",wait,0.0,0.0,0.0,1,pending,google,,,,,,,,,2024-12-23 06:04:16+01:00
"The recent news suggests that the USD/JPY market is influenced by several factors, including US inflation data, Federal Reserve policy, and potential Japanese intervention. The cooling US inflation and dovish Fed outlook may weaken the dollar, while the BoJ's cautious stance could lead to yen depreciation. However, the risk of Japanese intervention if the yen weakens further adds complexity. The overall sentiment is cautiously optimistic with a bearish outlook for the yen in the short term.
The technical analysis on the 5-minute chart shows a consolidation phase around 156.60, with no clear directional bias. The moving averages indicate a potential weakening of short-term bullish momentum, and the RSI and MACD suggest neutral momentum. Key levels include resistance at 156.75 and support at 156.51. A breakout above 156.75 or below 156.51 is needed for a clear trade direction.
The economic events indicate a slight improvement in Japanese leading indicators, suggesting a positive outlook for the Japanese economy. Upcoming US events, including Initial Jobless Claims and Trade Balance, could introduce volatility to the USD/JPY pair. These events are scheduled for 08:30 and could significantly impact market sentiment.Given the current market conditions, the USD/JPY is in a consolidation phase with no clear directional bias. The recent news suggests potential dollar weakness due to a dovish Fed outlook, but the risk of Japanese intervention if the yen weakens further adds uncertainty. The technical analysis indicates a need for a breakout above 156.75 or below 156.51 to establish a trade direction. Additionally, upcoming US economic data could introduce volatility, making it prudent to wait for clearer signals before entering a trade.",wait,0.0,0.0,0.0,3,pending,openai,,,,,,,,,2024-12-23 07:07:52+01:00
"The recent news indicates a complex situation for USD/JPY. US inflation cooling suggests a dovish Fed, potentially weakening the dollar. However, the Bank of Japan's cautious stance on rate hikes could also weaken the yen. The risk of Japanese intervention adds uncertainty. Market sentiment is cautiously optimistic, but the conflicting factors make it hard to predict a clear direction.
The technical analysis reveals a choppy, sideways price action on the 5-minute chart, with the price consolidating around 156.60. The moving averages suggest weakening bullish momentum. The RSI and MACD show neutral momentum. There are no clear entry points. A breakout above 156.75 or below 156.51 is needed to establish a clear direction. The pivot points are not relevant for the current short-term analysis.
The economic events show a slight positive outlook for the Japanese economy with the JPY Leading Indicators. The upcoming US Initial Jobless Claims and Trade Balance could introduce volatility around 08:30. The time gap between the last and upcoming events provides a window for consolidation.
Considering all the factors, the market is currently in a state of indecision. The technicals show consolidation, the news has conflicting elements and the economic events could trigger volatility. Therefore, the best course of action is to wait for a clear breakout before entering a trade. A break above 156.75 would suggest a long position, while a break below 156.51 would suggest a short position. Until then, it is prudent to wait.Given the current consolidation and lack of clear direction, it is best to wait for a decisive breakout before entering a trade. The technical analysis indicates that a break above 156.75 could signal a potential long entry, while a break below 156.51 could signal a potential short entry. The upcoming US economic data releases at 08:30 could provide the catalyst for such a breakout. Until then, it is prudent to remain on the sidelines.",wait,156.75,156.95,156.51,1,pending,google,,,,,,,,,2024-12-23 07:07:57+01:00
"The recent news highlights a strong US dollar due to high bond yields and a resilient US economy, despite lower-than-expected inflation data. The Japanese yen is weak due to the BoJ's dovish stance, with risks of intervention if the yen depreciates further. Market sentiment is risk-on, but geopolitical tensions and thin liquidity could introduce volatility. The divergence in monetary policies between the US and Japan supports a stronger USD/JPY. Analysts have revised forecasts upwards, expecting continued yen weakness. Short-term volatility is expected, influenced by US inflation data and potential Japanese interventions.
The technical analysis shows USD/JPY in a consolidation phase on the 5-minute chart, with a slight downward bias. The price is fluctuating near the 10 and 20 period SMAs, with immediate resistance at 156.58 and support at 156.55. Momentum indicators like RSI and MACD show neutral momentum. A potential short entry is suggested if the price breaks below 156.55, targeting 156.51 and 156.39. A potential long entry is suggested if the price breaks above 156.58, targeting 156.75. The current indecision suggests waiting for a breakout for a clearer trade signal.
Upcoming economic events include US Initial Jobless Claims and Trade Balance data, which could impact the USD/JPY. Initial Jobless Claims are forecasted slightly higher, indicating potential labor market softening, which could weaken the USD. The Trade Balance is expected to remain unchanged, and Factory Orders are expected to rise, suggesting industrial improvement. These events could introduce volatility, especially if the data deviates from forecasts. Traders should watch for reactions to these data releases, as they might influence short-term price movements.Given the current consolidation phase in the technical analysis and the potential for volatility from upcoming economic events, it is prudent to wait for clearer signals before entering a trade. The recent news suggests a strong USD and weak JPY, but the potential for Japanese intervention and upcoming US economic data introduce uncertainty. A breakout from the current consolidation range in either direction would provide a more confident trade setup. Therefore, the strategy is to wait for a decisive move beyond the identified support or resistance levels before entering a trade.",wait,0.0,0.0,0.0,0,pending,openai,,,,,,,,,2024-12-23 08:03:21+01:00
"The recent news indicates a strong US dollar due to high bond yields and resilient US economy. The Japanese yen is weak due to the Bank of Japan's dovish stance. There is a risk of intervention by the Japanese authorities if the USD/JPY rises too much. The market sentiment is risk-on, but there is potential for volatility due to geopolitical tensions and thin liquidity. The divergence in monetary policies between the Fed and BoJ is a critical factor, and the USD/JPY is expected to remain volatile.
The 5-minute chart shows a consolidation phase after an initial upward move. The price is fluctuating within a narrow range, with a slight downward bias. The RSI is around 50, indicating neutral momentum. The MACD is also showing a lack of clear momentum. The immediate resistance is around 156.75 and the 10-period SMA (around 156.58), while the immediate support is the 50-period SMA (around 156.55). A break below the 50-period SMA could signal a potential short entry. The hourly analysis also indicated a potential short-term pullback.
There are no past economic events to analyze. Upcoming events include the US Initial Jobless Claims and Trade Balance data at 08:30, and Factory Orders MoM at 10:00. The Initial Jobless Claims are forecasted to be slightly higher than the previous, indicating potential labor market softening. The Trade Balance is expected to remain unchanged. The Factory Orders MoM are forecasted to rise, suggesting potential industrial sector improvement. These events could introduce volatility.
Considering the technical analysis, the price is consolidating around the 50-period SMA. A break below this level could signal a short entry. The recent news indicates a strong dollar, but the potential for Japanese intervention and upcoming economic events add risk. The economic events could cause volatility, which could impact the trade. Given the lack of clear direction and the potential for volatility, the confidence score is low.
Based on the analysis, a short position is proposed with an entry point just below the 50-period SMA at 156.54. The stop loss is placed at 156.60 to limit potential losses if the price reverses. The take profit is set at 156.40, targeting the next support level. The confidence score is 2 due to the lack of strong momentum and the potential for volatility from upcoming economic events.The 5-minute chart shows the price consolidating near the 50-period SMA (around 156.55), indicating a potential short-term pullback. A break below this level with a strong bearish candle could signal a short entry. However, the lack of strong momentum and upcoming economic events make this a low confidence trade. The recent news also suggests a potential for increased volatility, which adds risk to the trade.",sell,156.54,156.4,156.6,2,pending,google,,,,,,,,,2024-12-23 08:03:28+01:00
"The recent news highlights the divergence in monetary policy between the U.S. Federal Reserve and the Bank of Japan, which is a major driver of the yen's weakness against the dollar. The Fed's hawkish stance contrasts with the BoJ's dovish policy, supporting a strong dollar. Market sentiment is cautiously optimistic for the dollar, with concerns about yen depreciation and potential Japanese intervention if the yen weakens further. This suggests a bullish sentiment for USD/JPY in the medium term.
The technical analysis shows that USD/JPY is currently consolidating after a strong upward move, with the price trading above key moving averages, indicating a bullish bias. However, the MACD has shown a bearish crossover on the 5-minute chart, suggesting a potential short-term pullback. The immediate resistance is at 156.77 - 156.80, and the immediate support is at 156.68. A short-term downward move could be possible if the price breaks below 156.68, but overall, the trend remains bullish.
Upcoming economic events, particularly the US Initial Jobless Claims and Trade Balance, could introduce volatility to the USD/JPY pair. If the jobless claims are higher than expected, it could indicate a weakening labor market, potentially affecting the dollar. However, the overall economic outlook for the U.S. remains strong, which may continue to support the dollar. Traders should be cautious around these event times, as they could lead to short-term volatility.Given the overall bullish sentiment from the divergence in central bank policies and the technical indicators showing a bullish bias despite a potential short-term pullback, the strategy is to wait for a clearer signal. The upcoming economic events could introduce volatility, and it's prudent to wait for their outcomes. A break above the resistance at 156.80 would confirm the bullish trend, while a break below 156.68 with strong bearish momentum would suggest a short-term sell opportunity.",wait,156.68,156.6,156.77,3,pending,openai,,,,,,,,,2024-12-23 09:04:36+01:00
"Analyzing the recent news, the primary driver for USD/JPY is the interest rate differential between the Federal Reserve and the Bank of Japan. The Fed's hawkish stance and the BoJ's dovish outlook are keeping the yen weak. Market sentiment is cautiously optimistic for the dollar, supported by strong U.S. economic indicators, but there's a risk of Japanese government intervention if the yen weakens further. The short-term outlook suggests potential for further yen weakness if U.S. yields stay high and the BoJ maintains its current policy. This information suggests a general bullish bias for USD/JPY, but the risk of intervention and potential short-term pullbacks exist.
The 5-minute chart shows a consolidation after a strong upward push, with the price fluctuating between 156.68 and 156.77. The price is above key moving averages, indicating an overall bullish bias, but the shorter-term SMAs are close to the price, suggesting a potential pullback. The RSI is around 55, and the MACD shows a bearish crossover, supporting a short-term downward move. The 15-minute pivot points are not immediately relevant, as the price is significantly above them. The analysis confirms the hourly analysis's observation of consolidation after an upward move and the possibility of a short-term pullback. A short entry could be considered on a break below 156.68, with a stop-loss above 156.77 and a target around 156.60. However, the confidence is not high, and stronger bearish signals are needed.
The economic events include the US Initial Jobless Claims and Trade Balance at 08:30, followed by Factory Orders MoM at 10:00, and the EIA Natural Gas Storage Change at 10:30. The Initial Jobless Claims are forecasted at 210K, slightly higher than the prior 204K, which could indicate a slight weakening in the labor market. The Trade Balance is expected to remain unchanged at -$65.0B, and Factory Orders are anticipated to rise by 0.2%. These events can introduce volatility, especially around 08:30, and could impact the USD/JPY pair. The potential for market reactions to each event individually needs to be considered.
Considering all the information, a short trade is proposed with an entry point slightly below the immediate support of 156.68 at 156.67, to confirm the downward move. The stop loss is placed at 156.78, above the recent high, and the take profit is set at 156.60, near the SMA50 on the 5-minute chart. The confidence score is set at 2, as the overall trend is bullish, and the upcoming economic events could introduce volatility and potentially invalidate the trade. The bearish signals are present but not strong enough to warrant a high confidence score.The technical analysis suggests a potential short-term downward move based on the 5-minute chart's bearish MACD crossover and recent price action. The price has struggled to break above the 156.77-156.80 resistance zone, and a break below the 156.68 support level could trigger a further decline. However, the overall bullish trend and upcoming economic events introduce uncertainty, lowering the confidence score. The entry point is set slightly below the immediate support of 156.68 to confirm the downward move.",sell,156.67,156.6,156.78,2,pending,google,,,,,,,,,2024-12-23 09:04:43+01:00
"The recent news highlights several key themes influencing USD/JPY. The interest rate differential between the Fed and BoJ is significant, with the Fed maintaining a hawkish stance and the BoJ being dovish. This supports a stronger USD against the JPY. The yen's weakness raises concerns about potential intervention by Japanese authorities, which could impact the currency pair. Market sentiment is cautiously optimistic, but geopolitical tensions and potential U.S. fiscal issues add uncertainty. Technical analysis suggests strong bullish momentum for USD/JPY with potential targets around 160.00, although there are signs of short-term exhaustion.
The technical analysis on the 5-minute chart shows a neutral to slightly bearish trend. The price is consolidating after a recent high and is trading around 156.588. The SMA 20 at 156.606 is acting as immediate resistance, and the SMA 10 at 156.528 as immediate support. Momentum indicators show a loss of bullish momentum, suggesting a pullback may continue. The hourly analysis indicated a bullish trend but with signs of exhaustion. Key levels include resistance at 156.606 and support at 156.528. The conclusion is to wait for a clear signal as the price is in a consolidation phase.
Upcoming economic events include US Initial Jobless Claims and Trade Balance, both of which could introduce volatility. Initial Jobless Claims are forecasted slightly higher, indicating potential labor market weakening, while the Trade Balance is expected to remain unchanged. These events could influence USD/JPY movements, particularly if there are deviations from forecasts. The time gap before these events allows for preparation.Considering the current market conditions, the interest rate differential supports a stronger USD, but the technical analysis shows short-term exhaustion and consolidation. The potential for Japanese intervention adds uncertainty. Upcoming US economic data could introduce volatility, but with the current consolidation and lack of clear momentum, it is prudent to wait for a decisive breakout or breakdown before entering a trade. The technical indicators suggest waiting for a break above 156.606 for a long position or below 156.528 for a short position. Therefore, the strategy is to wait for clearer signals before committing to a trade.",wait,0.0,0.0,0.0,3,pending,openai,,,,,,,,,2024-12-23 10:03:41+01:00
"Analyzing recent news, the interest rate differential between the US Federal Reserve and the Bank of Japan is a significant factor, favoring a stronger USD against the JPY. The yen's weakness and potential for Japanese intervention are also key considerations. Market sentiment is cautiously optimistic, but geopolitical tensions and potential U.S. fiscal issues add uncertainty. Technical analysis suggests strong bullish momentum for USD/JPY, but there are concerns about potential Japanese intervention. Overall, the market leans towards a stronger USD but with caution due to potential intervention and geopolitical risks.
The 5-minute chart shows consolidation after a recent high, with the price currently around 156.588. The immediate trend is neutral to slightly bearish, with the price below the SMA 20 (156.606) and bouncing off the SMA 10 (156.528). Momentum indicators suggest a loss of bullish momentum. The 15-minute pivot points are not relevant for short-term trading. The hourly analysis indicated a bullish trend but with signs of short-term exhaustion, which the 5-minute chart confirms. Key levels are the SMA 20 (156.606) as resistance and the SMA 10 (156.528) as support. A break of these levels could signal a potential trade. Currently, the price action suggests a short-term neutral to bearish bias, and it is best to wait for a clear signal before entering a trade.
There are no past economic events for today. Upcoming high-impact events include the US Initial Jobless Claims and Trade Balance at 08:30, and Factory Orders at 10:00. The Initial Jobless Claims are forecasted slightly higher, which could indicate a weakening labor market. The Trade Balance is expected to remain unchanged. Factory Orders are expected to rise slightly. There is a significant time gap between the current time and these events, allowing traders time to prepare. The focus should be on the Initial Jobless Claims and Trade Balance for potential market volatility.
Combining all the information, the technical analysis shows the price is in a consolidation phase with no clear direction. The 5-minute chart shows a neutral to slightly bearish bias, with the price struggling to break above the SMA 20 (156.606) and potentially falling below the SMA 10 (156.528). The upcoming economic events are also not close enough to influence immediate trading decisions. Therefore, it's best to wait for more clarity before entering a trade.Based on the current analysis, the price is in a consolidation phase with no clear direction. The 5-minute chart shows a neutral to slightly bearish bias, with the price struggling to break above the SMA 20 (156.606) and potentially falling below the SMA 10 (156.528). The upcoming economic events are also not close enough to influence immediate trading decisions. Therefore, it's best to wait for more clarity before entering a trade.",wait,0.0,0.0,0.0,1,pending,google,,,,,,,,,2024-12-23 10:03:49+01:00
"The recent news highlights a strong bullish sentiment for the USD, driven by high U.S. Treasury yields and a cautious Fed approach to rate cuts. This is contrasted by the BoJ's dovish stance, leading to a weak yen. Additionally, there is potential for Japanese intervention if the yen depreciates excessively. Geopolitical risks and economic indicators, such as U.S. inflation data, could also influence the USD/JPY pair. Overall, the sentiment is bullish for the USD, but potential intervention by Japan could introduce volatility.
The technical analysis shows a period of consolidation on the 5-minute chart, with the price fluctuating around moving averages. The immediate trend is neutral to slightly bearish, but the overall trend from the hourly analysis is bullish. Key support is around 156.52 - 156.61, and resistance is around 156.70 - 156.75. A potential long entry is above 156.75, targeting 157.38, while a short entry is below 156.50, targeting 156.807. However, the market is currently indecisive, and a clear breakout is needed for a confident trade.
The upcoming economic event is the US Durable Goods Orders report on December 24th, expected to show a decline, which could weaken the USD. There is a significant time gap until the next major event, leading to potential reduced volatility. Traders should be cautious around the Durable Goods Orders release and prepare for potential movements. The lack of immediate economic events suggests that technical factors and news will likely drive the USD/JPY in the short term.Given the current market conditions, the USD/JPY is in a state of indecision with no clear directional bias. The technical analysis shows consolidation and lack of momentum, while the news suggests a strong USD but with potential intervention risks from Japan. The upcoming economic event could introduce some volatility, but the expected decline in Durable Goods Orders might slightly weaken the USD. Therefore, it is prudent to wait for a clearer signal, such as a breakout from the current range, before entering a trade. Monitoring the price action and news developments is essential for a more confident decision.",wait,0.0,0.0,0.0,0,pending,openai,,,,,,,,,2024-12-23 11:06:11+01:00
"The recent news indicates a strong dollar supported by high U.S. Treasury yields and expectations of measured Federal Reserve rate cuts, contrasted with the Bank of Japan's dovish stance. Market sentiment is bullish on the dollar, with increased long positions, while the yen faces bearish sentiment. The potential for Japanese intervention and geopolitical risks adds complexity. Technical analysis suggests potential upward pressure on USD/JPY, with key resistance levels around 158 and 160. The market is characterized by a strong dollar against a weak yen, requiring close monitoring of central bank communications, economic indicators, and geopolitical developments.
The 5-minute chart shows consolidation with choppy price action around the moving averages, indicating no clear directional bias. The price is hovering around the SMA10, SMA20, and SMA50, with the SMA10 below the SMA20 and SMA50, suggesting a slight bearish bias in the short term. The 15-minute pivot points are not relevant for the immediate short-term outlook. The current price is 156.671, close to the moving averages. The hourly analysis indicated a medium-term bullish trend with a potential short-term pullback, which is supported by the 5-minute chart. The short-term outlook is neutral to slightly bearish. A clear breakout above 156.75 would signal a potential long opportunity, while a break below 156.50 would signal a potential short opportunity. Increased momentum and confirmation from other timeframes are needed for a confident trade.
There are no past events to summarize. The upcoming US Durable Goods Orders report on December 24th is expected to show a decline of 0.4%, which could impact USD/JPY. Key events in early January include the ISM Manufacturing PMI, ISM Services PMI, JOLTs Job Openings, FOMC Minutes, Non-Farm Payrolls, and Unemployment Rate. There is a significant time gap between the Durable Goods Orders and the next major event, which may lead to reduced market volatility during the holiday period. Traders should prepare for potential USD/JPY movements around the Durable Goods Orders release and remain attentive to key economic indicators in early January.
Based on the analysis, the market is currently indecisive. The technical analysis shows a lack of clear directional momentum on the 5-minute chart. The recent news and upcoming economic events suggest potential volatility but no clear direction. Therefore, the best course of action is to wait for a clearer signal before entering a trade. A decisive break above 156.75 or below 156.50, along with increased momentum, is needed for a confident trade.The market is currently indecisive, as indicated by the choppy price action on the 5-minute chart and the lack of clear directional momentum. While the hourly analysis suggests a medium-term bullish trend, the short-term outlook is neutral to slightly bearish. The current price is hovering around multiple moving averages, indicating a potential area of contention. Given the absence of a clear breakout or increased momentum, it's best to wait for a more decisive signal before entering a trade. The upcoming US Durable Goods Orders report on December 24th could introduce some volatility, but the significant time gap until the next major events in early January suggests that the market may remain relatively quiet during the holiday period.",wait,156.671,156.671,156.671,1,pending,google,,,,,,,,,2024-12-23 11:06:18+01:00
"The recent news analysis highlights a strong bullish sentiment for the USD, driven by high bond yields and a robust U.S. economy. The Federal Reserve's cautious approach to rate cuts and potential rate hikes in 2025 supports the dollar's strength. Meanwhile, the Japanese yen is weak due to the Bank of Japan's dovish stance, with no immediate plans to raise interest rates. The interest rate differential is a key factor driving USD/JPY higher, with speculators increasing long positions. However, potential Japanese intervention to curb yen depreciation could introduce volatility.
The technical analysis of the 5-minute USD/JPY chart shows a period of consolidation after a sharp upward move. The price is oscillating within a narrow range, suggesting indecision. The moving averages are bullishly aligned but close together, indicating weakening momentum. The RSI is around 65, not yet overbought, but trending down. The MACD is positive but losing divergence, similar to the ROC. Immediate resistance is at 156.84, with support at the SMA10 around 156.79. The current price is 156.825, close to resistance, suggesting a potential pullback.
Upcoming economic events include the US Initial Jobless Claims and Trade Balance at 08:30, followed by Factory Orders at 10:00. The Jobless Claims forecast is slightly higher than prior, indicating a potential weakening in the labor market. Factory Orders are expected to decrease, suggesting slowing manufacturing activity. These events could introduce volatility and impact USD/JPY. Traders should monitor these indicators for insights into the US economy's health.Given the strong bullish sentiment for the USD due to robust economic indicators and the BoJ's dovish stance, USD/JPY is likely to see upward pressure. However, the technical analysis shows weakening momentum and proximity to resistance at 156.84, suggesting a potential pullback. Upcoming US economic data could introduce volatility. Considering these factors, a cautious buy strategy is recommended, with a tight stop loss to manage potential volatility and pullbacks.",buy,156.83,157.0,156.78,3,pending,openai,,,,,,,,,2024-12-23 12:08:45+01:00
"The recent news indicates a strong dollar supported by the Federal Reserve's cautious approach to rate cuts and a robust U.S. economy. The Japanese yen is weak due to the Bank of Japan's dovish stance. Market sentiment is bullish towards the dollar, with increased long positions. However, there are concerns about potential Japanese intervention and the possibility of a dollar correction due to overbought conditions. This suggests a potential for short-term upward movement in USD/JPY, but with high volatility.
The 5-minute chart shows a period of consolidation after a sharp upward move. The price is currently bouncing off the SMA10 (red line) and moving upwards. The moving averages are aligned bullishly, but the momentum is weakening. The RSI is around 65 and trending down, while the MACD is positive but diverging less. The immediate resistance is at 156.84, and immediate support is around 156.79 (SMA10). This suggests a potential for a short-term long trade with a tight stop loss, given the weakening momentum and proximity to resistance.
There are no past economic events to analyze. The upcoming events include the US Initial Jobless Claims, Trade Balance, Factory Orders, and Natural Gas Storage. The Initial Jobless Claims are forecasted to be slightly higher, indicating a potential weakening in the labor market. Factory Orders are anticipated to decrease, suggesting a slowdown in manufacturing. These events could introduce volatility, but the time gap is significant, allowing for preparation. The focus should be on Initial Jobless Claims and Factory Orders for potential market movements.
Combining the analysis, the technicals suggest a short-term long trade with a tight stop loss. The news supports a bullish dollar, but also indicates potential volatility. The economic events could cause some short-term fluctuations. Therefore, a buy order at 156.83 with a take profit at 156.84 and a stop loss at 156.78 is suggested. This strategy is a quick trade to take advantage of the current upward momentum while managing risk due to the potential for a pullback or increased volatility from economic events.The price is currently at 156.825, very close to the short-term resistance of 156.84. The price has bounced off the SMA10 and is currently moving upwards. The moving averages are still aligned in a bullish manner, but the momentum is weakening. Given the proximity to resistance and weakening momentum, a long trade with a tight stop loss is appropriate. The upcoming economic events could cause volatility, so a quick trade is preferred.",buy,156.83,156.84,156.78,3,pending,google,,,,,,,,,2024-12-23 12:08:51+01:00
"The recent news highlights a strong bullish sentiment towards the USD and a bearish sentiment towards the JPY. The divergence in monetary policy between the Fed and the BoJ supports this sentiment, with the Fed maintaining high rates and the BoJ being dovish. This fundamental backdrop supports a bullish outlook for USD/JPY. However, the potential for Japanese intervention at high levels adds a risk factor that could lead to sudden reversals.
The technical analysis indicates that the USD/JPY is currently consolidating in a tight range between 156.82 and 156.90, following a recent bullish trend. The price is above all moving averages, suggesting a continuation of the bullish trend, but the lack of momentum and convergence in MACD and RSI indicate uncertainty. The technicals suggest waiting for a breakout from this range before entering a trade.
Upcoming economic events, such as the US Initial Jobless Claims and Factory Orders, may introduce volatility into the market. These events are expected to provide insights into the US labor market and manufacturing activity, which could influence the USD's strength. However, these events are not immediately imminent, leaving some time for the current consolidation to resolve.Given the strong fundamental bullish sentiment towards USD/JPY and the current technical consolidation, a wait-and-see approach is prudent. The potential for Japanese intervention at high levels and the lack of strong momentum in the technicals suggest caution. Waiting for a breakout from the current range with strong momentum will provide a clearer signal for entry. The upcoming economic events could also influence market direction, so monitoring these is essential.",wait,156.9,157.0,156.82,3,pending,openai,,,,,,,,,2024-12-23 13:03:39+01:00
"Analyzing the recent news, the USD is generally strong due to high treasury yields and a cautious Federal Reserve. The JPY is weak due to the Bank of Japan's dovish stance. This central bank divergence is a key driver. Market sentiment is bullish on the dollar. However, there is a risk of Japanese intervention if the USD/JPY pair continues to rise. This information suggests a potential for further dollar appreciation but also carries a risk of intervention.
The 5-minute chart shows a consolidation after an upward move. The price is fluctuating between 156.82 and 156.90, with a lack of strong momentum. The price is above all moving averages, indicating a short-term bullish bias, but the moving averages are very close together, suggesting a lack of strong momentum. RSI is around 50, and MACD lines are converging near zero, confirming the lack of momentum. The 15-minute pivot points are not relevant because the current price is far above them. The hourly analysis also noted a consolidation near 156.80 and mentioned 156.50 as a key support. This indicates that the price is currently in a range-bound state and a breakout is needed for a higher confidence trade.
The upcoming economic events include US Initial Jobless Claims and Trade Balance at 08:30, and Factory Orders MoM at 10:00. The Initial Jobless Claims forecast is slightly higher than the prior, indicating potential labor market softening. Factory Orders are expected to rise, suggesting a potential rebound in manufacturing activity. These events could introduce volatility in the USD/JPY pair. The time gap between the current time and the events is significant, allowing traders time to prepare. The potential impact of these events on the USD/JPY pair is significant and should be monitored.
Based on the technical analysis, the price is currently in a consolidation phase with no clear direction. The recent news suggests a bullish dollar, but the lack of momentum on the 5 min chart and the upcoming economic events make it too risky to enter a trade now. Therefore, the best course of action is to wait for a clearer signal. A breakout of the consolidation range with strong momentum is needed before a trade can be confidently executed. The economic events may provide a catalyst for such a breakout.The technical analysis shows a consolidation phase with no clear direction. The price is fluctuating in a tight range, and momentum indicators are neutral. The upcoming economic events could introduce volatility, but until there is a clear breakout from the current consolidation range, it's best to wait. The recent news suggests a bullish dollar, but the lack of momentum on the 5 min chart and the upcoming economic events make it too risky to enter a trade now. Therefore, the best course of action is to wait for a clearer signal.",wait,0.0,0.0,0.0,1,pending,google,,,,,,,,,2024-12-23 13:03:46+01:00
"The recent news indicates a strong bullish sentiment towards the USD, driven by high Treasury yields and the Federal Reserve's cautious stance on rate cuts. This supports a bullish outlook for USD/JPY, as the yen remains weak due to the Bank of Japan's dovish policy. The market sentiment is also supported by speculative activity favoring long positions on the dollar, despite the potential for Japanese intervention at critical levels.
The technical analysis confirms a strong bullish trend in USD/JPY, with the price breaking above the recent high of 157.15 and trading above all key moving averages. The RSI is approaching overbought territory on the 5-minute chart, indicating a potential for a pullback. However, the MACD and ROC suggest continued bullish momentum. The immediate trend is bullish, but caution is advised due to the overbought RSI.
The upcoming economic events on October 5th, particularly the US Nonfarm Payrolls and Unemployment Rate, could introduce volatility and influence USD/JPY dynamics. The forecasts suggest a potential slowdown in job creation and a slight improvement in unemployment, which may impact market sentiment. However, these events are not immediate, allowing for a short-term strategy before they occur.Given the strong bullish momentum in USD/JPY and the supportive news of dollar strength, a buy strategy is appropriate. The technical analysis suggests waiting for a slight pullback to the 157.15 level for a more conservative entry, as the RSI is approaching overbought territory. This entry point aligns with the previous resistance level, now acting as potential support. The stop loss is set just below 157.00 to protect against a deeper pullback, while the take profit is set at 157.30, allowing for a reasonable profit margin given the current momentum. The confidence score reflects the strong bullish indicators but also acknowledges the potential for a pullback.",buy,157.15,157.3,157.0,4,pending,openai,,,,,,,,,2024-12-23 14:04:57+01:00
"The recent news indicates a strong dollar due to high Treasury yields and the Fed's cautious stance on rate cuts. The Japanese yen is weak due to the Bank of Japan's dovish policy and the widening interest rate differential. Market sentiment is bullish on the dollar, with speculators taking long positions. However, there are conflicting perspectives regarding potential pullbacks if the Fed becomes more dovish or geopolitical tensions increase. The short-term outlook suggests elevated USD/JPY with potential volatility, while the medium-term outlook depends on the Fed's and BoJ's policy decisions. This information suggests a bullish bias for USD/JPY, but with caution due to potential pullbacks and interventions.
The 5-minute chart shows a strong bullish trend with the price breaking above the recent high of 157.15. The price is above all key moving averages, indicating bullish momentum. The RSI is around 70, approaching overbought territory, and the MACD is also bullish. However, the RSI suggests a potential pullback. The 15-minute pivot points are far below the current price, making them less relevant for immediate trading decisions. The technical analysis confirms the bullish trend but also indicates the possibility of a pullback due to the overbought RSI. Therefore, a cautious approach is needed.
There are no past economic events to analyze. The upcoming events on October 5th include Nonfarm Payrolls, Unemployment Rate, and Average Hourly Earnings, which could significantly impact the USD/JPY. However, these events are far in the future, and no immediate trading decisions can be based on them. The time gap between the current date and these events may lead to market anticipation and volatility. This information does not provide immediate input for the trading strategy but is important for future monitoring.
Based on the strong bullish momentum identified in the technical analysis and the overall bullish sentiment from the news, a long position is considered. However, the RSI on the 5-minute chart is approaching overbought territory, indicating a potential pullback. Therefore, the entry point is set at 157.15, the previous resistance level which may now act as support. This approach aims to mitigate the risk of entering at a local top and capitalize on the potential continuation of the bullish trend after a slight pullback. A stop loss is set at 157.00 to protect against a deeper pullback, and a take profit is set at 157.30. The confidence score is set at 3 due to the conflicting signals of bullish momentum and overbought RSI.Given the strong bullish momentum on the 5-minute chart, a long position is considered. However, the RSI is approaching overbought territory, suggesting a pullback is possible. Therefore, the entry point is set at 157.15, the previous resistance level which may now act as support. This approach aims to mitigate the risk of entering at a local top and capitalize on the potential continuation of the bullish trend after a slight pullback.",buy,157.15,157.3,157.0,3,pending,google,,,,,,,,,2024-12-23 14:05:04+01:00
"The recent news highlights a strong dollar due to high Treasury yields and a resilient U.S. economy, contrasting with a weak yen due to the BoJ's dovish stance. This divergence in monetary policy supports the USD/JPY pair, suggesting a bullish outlook. However, there are concerns about potential Japanese intervention to stabilize the yen, which could introduce volatility. The sentiment is bullish, with expectations of continued U.S. economic strength and a potential 'Santa Claus rally.' Geopolitical risks could increase demand for safe-haven assets like the yen, but the current trend favors the dollar.
The technical analysis shows a clear upward trend in the USD/JPY pair on the 5-minute chart, with higher highs and higher lows. The price is above the short-term moving averages (SMA10 and SMA20), indicating a bullish bias. The RSI is at 58, not overbought, suggesting room for upward movement. The MACD is positive, but the histogram bars are decreasing, indicating weakening bullish momentum. Immediate resistance is at 157.198, with support at the SMA10 (157.16) and SMA20 (157.134). The analysis suggests a potential long entry on a pullback towards the SMA10, with a target of the recent high and a stop-loss below the SMA20.
Upcoming economic events on October 5th, including Nonfarm Payrolls, Unemployment Rate, and Average Hourly Earnings, are crucial for the USD/JPY pair. These indicators will provide insights into the U.S. labor market's health and could significantly impact the currency pair. The time gap allows traders to prepare for these events, but they should be cautious about potential volatility leading up to the data releases. The current analysis suggests a bullish outlook, but traders should be aware of the potential for increased volatility around these events.Given the current bullish trend in the USD/JPY pair supported by technical indicators and the strong dollar narrative, a buy strategy is appropriate. The recent news supports a bullish outlook due to interest rate differentials and market sentiment. The technical analysis suggests entering on a pullback to the SMA10 (157.16) with a target at the recent high of 157.198, and a stop-loss below the SMA20 (157.134). The upcoming economic events on October 5th could introduce volatility, so it's important to monitor these closely. The confidence score reflects the current bullish trend, but acknowledges the weakening momentum and potential for volatility.",buy,157.16,157.198,157.134,3,pending,openai,,,,,,,,,2024-12-23 15:06:11+01:00
"The recent news indicates a strong dollar and weak yen, primarily driven by interest rate differentials and speculative activity. This suggests a bullish bias for USD/JPY. However, there are concerns about potential Japanese government intervention and increased volatility due to the holiday season. Geopolitical risks also add a layer of uncertainty.
The 5-minute chart shows a clear upward trend, with the price trading above its short-term moving averages (SMA10, SMA20, and SMA50). However, the momentum appears to be weakening, as indicated by the MACD and ROC. The RSI is not in overbought territory, but it is approaching it. The pivot points are not relevant for the current short-term outlook. The immediate resistance is around 157.198 and support is around 157.16.
There are no past economic events to analyze. The upcoming economic events on October 5th, particularly the Nonfarm Payrolls, Unemployment Rate, and Average Hourly Earnings, are significant and could introduce volatility. However, these events are not immediate, so they do not impact the current trading decision directly.
Based on the combined analysis, a long trade is considered with an entry point at 157.16, a stop loss at 157.134, and a take profit at 157.198. The confidence score is 3, reflecting the weakening momentum and the potential for a pullback. The strategy is to buy, taking advantage of the bullish trend while being cautious due to the potential for volatility and weakening momentum.The technical analysis suggests a potential long entry on a pullback towards the SMA10 (around 157.16) on the 5-minute chart. The recent news indicates a strong dollar and weak yen, supporting a bullish bias. However, the weakening momentum and upcoming economic events introduce some uncertainty. The stop loss is placed just below the SMA20 to limit risk. The take profit target is the recent high of 157.198 with the possibility of a breakout towards 157.25.",buy,157.16,157.198,157.134,3,pending,google,,,,,,,,,2024-12-23 15:06:16+01:00
"The recent news highlights a bullish sentiment for the USD/JPY pair, driven by the interest rate differential between the hawkish Fed and dovish BoJ. The strong USD is supported by positive U.S. economic data and speculative positions. However, there is a risk of Japanese intervention if the yen depreciates excessively, which could introduce volatility.
The technical analysis shows a consolidation phase in the USD/JPY pair around 157.15, with price action lacking strong momentum. The moving averages suggest a bullish bias, but indicators like MACD and ROC show weakening momentum. Immediate support is at 157.10 and resistance at 157.20, with a major resistance at 157.38. A break of these levels with clear momentum is needed for a confident trade.
Upcoming economic events include the US Initial Jobless Claims and Factory Orders. These reports could impact the USD/JPY pair if they significantly deviate from expectations. However, currently, there is a time gap before these releases, allowing for market positioning.Given the current consolidation in the USD/JPY pair and the lack of strong momentum, it is prudent to wait for a clear breakout of the immediate support or resistance levels before entering a trade. The bullish sentiment and interest rate differential favor a long position, but confirmation through technical breakout is necessary. Upcoming economic events could provide the needed catalyst for movement, but until then, it is best to stay on the sidelines.",wait,0.0,0.0,0.0,3,pending,openai,,,,,,,,,2024-12-23 16:04:40+01:00
"The recent news indicates a bullish sentiment for USD/JPY due to interest rate differentials and strong US economic data. However, there's also the risk of Japanese intervention and potential shifts in risk appetite. The overall sentiment is bullish, but with conflicting information that warrants caution.
The 5-minute chart shows consolidation around 157.15 with weak momentum, as indicated by the RSI, MACD, and ROC. The price is near the 10-period SMA and above the 50-period SMA, suggesting a lack of strong directional bias in the short term. The 15-minute pivot points are not relevant for immediate analysis. The technical analysis suggests waiting for a clear break of either 157.10 or 157.20 with increased momentum before entering a trade.
The upcoming economic events, including US Initial Jobless Claims and Factory Orders, are scheduled for later today and could influence USD/JPY movements. However, given the time gap, these events do not provide immediate trading signals.
Combining the news, technicals, and economic events, the current market state is uncertain. The bullish sentiment is present, but the technicals show consolidation with weak momentum. The upcoming economic events are not immediate triggers. Therefore, the best course of action is to wait for a clear breakout and increased momentum before making a trading decision.The technical analysis indicates a consolidation phase with no clear direction. The price is fluctuating around the 157.15 area with weak momentum. The economic events are scheduled later, and the recent news suggests a bullish bias for USD/JPY but with potential for intervention. Given the uncertainty and lack of immediate trigger, it is best to wait for a clearer signal before entering a trade.",wait,0.0,0.0,0.0,1,pending,google,,,,,,,,,2024-12-23 16:04:46+01:00
"The recent news highlights a strong bullish sentiment for USD/JPY due to monetary policy divergence, with the Fed maintaining higher interest rates compared to the BoJ's dovish stance. This supports the USD and suggests potential for further yen depreciation. The bullish sentiment is reinforced by hedge funds increasing short positions on the yen and strong U.S. economic data. However, there are concerns about potential corrections if the Fed changes its stance or if geopolitical tensions escalate. The possibility of Japanese intervention adds uncertainty.
The technical analysis shows the USD/JPY is consolidating around the 157.09-157.14 range after a strong upward move. The momentum is weakening, with RSI at 48 and MACD showing decreasing positive momentum. The price is testing a resistance level at 157.14, which aligns with the hourly analysis. A breakout above this level could indicate further upside, while a failure to break could lead to a pullback. Key support levels are identified below, but the immediate focus is on the resistance at 157.14.
Upcoming economic events include U.S. Initial Jobless Claims and Factory Orders. These events could introduce volatility to USD/JPY. A higher than expected jobless claims figure could weaken the USD, while a positive surprise in Factory Orders might strengthen it. The time gap before these events allows traders to position themselves based on potential outcomes.The USD/JPY is currently consolidating near a key resistance level at 157.14, with weakening momentum. The overall market sentiment is bullish due to monetary policy divergence favoring the USD, but the technical indicators suggest caution. Given the upcoming U.S. economic data, which could introduce volatility, it is prudent to wait for clearer signals. A breakout above 157.14 with strong momentum could justify a buy position, while a rejection could lead to a sell. At present, the lack of strong momentum and the potential impact of upcoming economic data suggest a wait-and-see approach is best.",wait,0.0,0.0,0.0,0,pending,openai,,,,,,,,,2024-12-23 17:05:33+01:00
"The recent news highlights a strong bullish sentiment towards USD/JPY, driven by monetary policy divergence between the Fed and BoJ, and a significant interest rate differential favoring the USD. Hedge funds are increasing their short positions on the yen. However, there are warnings about potential Japanese intervention and the possibility of corrections if the Fed becomes more dovish or geopolitical tensions escalate. This information suggests a potential for further upside but also a risk of volatility and potential pullbacks.
The 5-minute technical analysis shows the price consolidating between 157.09 and 157.14 after a recent upward move. The momentum is weakening, and there's no clear direction. The RSI is neutral, and the MACD is showing a decrease in positive momentum. The 15-minute pivot points are not relevant. The hourly analysis indicated a strong bullish trend with a test of the 157.10-157.13 resistance zone, which is where the price is currently consolidating. This suggests a potential for either a breakout or a rejection at this level, but no clear signal to enter a trade at this moment.
The economic events include US Initial Jobless Claims, Trade Balance, Factory Orders, and Natural Gas Storage. The Initial Jobless Claims are forecasted to be slightly higher, which could indicate a slight increase in unemployment claims. Factory Orders are expected to rise, potentially signaling a recovery in manufacturing demand. These events could introduce volatility to the market, but they are not immediate. The time gap between the current time and the events allows for preparation but does not provide any immediate trading opportunity.
Combining all the information, the bullish sentiment and technical resistance at 157.14 suggest potential upside, but the weakening momentum and consolidation indicate a lack of clear direction. The upcoming economic events could create volatility, but they are not immediate. Therefore, it is best to wait for a clear breakout or rejection of the 157.14 level with strong confirmation signals before entering a trade. The strategy is to wait.Based on the technical analysis, the price is currently consolidating at a key resistance level (157.14), and the momentum is weakening. There is no clear direction for the price. The upcoming economic events could introduce volatility, but the timing is not immediate. Therefore, it is best to wait for a clear breakout or rejection of the 157.14 level with strong confirmation signals before entering a trade.",wait,0.0,0.0,0.0,1,pending,google,,,,,,,,,2024-12-23 17:05:39+01:00
"The recent news highlights several key factors affecting the USD/JPY pair. The U.S. dollar is currently strong due to rising Treasury yields and a robust economic outlook, whereas the Japanese yen is weak due to the Bank of Japan's dovish policy. The interest rate differential between the U.S. and Japan supports a bullish outlook for USD/JPY. Experts suggest the dollar's strength could persist unless there is a shift in Fed policy, and there is potential for further yen depreciation unless the BoJ changes its policy.
The technical analysis of the USD/JPY on the 5-minute chart shows that after a strong upward push, the price is consolidating with signs of a potential pullback. The price is above all moving averages, indicating a bullish bias, but short-term indicators like RSI and MACD show bearish momentum, suggesting a pullback. Immediate resistance is at 157.16, and support is around 157.08-157.10, with potential further downside to 157.12 and 156.944 if the pullback continues.
Upcoming economic events include US Initial Jobless Claims and Trade Balance, which could impact the USD/JPY. The Jobless Claims forecast is slightly higher than the previous, indicating potential labor market weakening, which could be bearish for the dollar. However, these events are over 14 hours away, allowing time for market reactions. Until these events occur, the technical indicators and current sentiment will likely drive the USD/JPY movements.Given the strong bullish sentiment for the USD/JPY due to the interest rate differential and dollar strength, the overall trend is upward. However, technical analysis suggests a short-term pullback is likely. Therefore, a short-term sell strategy could be considered if the price breaks below the 157.08-157.10 support, targeting the 50 SMA at 157.12 and potentially 156.944 if the pullback deepens. The stop loss should be set above the recent high at 157.16. This strategy capitalizes on the short-term bearish signals while acknowledging the overall bullish trend.",sell,157.08,156.944,157.17,3,pending,openai,,,,,,,,,2024-12-23 18:06:12+01:00
"The recent news indicates a strong dollar and weak yen, driven by interest rate differentials and market sentiment. This suggests a bullish bias for USD/JPY. However, the potential for Japanese intervention and the possibility of a shift in Fed policy introduce some uncertainty.
The 5-minute chart analysis shows a potential pullback after a strong upward move. The RSI and MACD are showing bearish signals, supporting a short-term downward move. The price is currently above all moving averages, but the recent price action suggests a potential for a deeper pullback. The 15-minute pivot points are not relevant at this price level.
There are no past economic events to consider. The upcoming US Initial Jobless Claims and Trade Balance, along with Factory Orders MoM, could influence USD/JPY movements. However, these events are still several hours away, so they do not affect the current short-term trading strategy.
Considering the technical analysis suggesting a short-term pullback and the recent news indicating a strong dollar but potential for intervention, a short position is considered. The entry point is set at 157.08, just below the 10 and 20 SMAs on the 5-minute chart. The stop loss is placed just above the recent high at 157.17. The take profit is set at 157.00, targeting the 50 SMA and a potential break below it. The confidence score is low due to the overall bullish trend and the potential for the pullback to be shallow.The technical analysis suggests a short-term pullback is likely. The 5-minute chart shows bearish signals with the RSI and MACD indicating downward momentum. A break below the 10 and 20 SMAs on the 5-minute chart around 157.08-157.10 would confirm this pullback, making it a suitable entry point for a short position. However, the overall trend is still bullish, which reduces the confidence in this trade.",sell,157.08,157.0,157.17,2,pending,google,,,,,,,,,2024-12-23 18:06:18+01:00
"The recent news indicates a strong bullish sentiment for the USD driven by high U.S. Treasury yields and the Federal Reserve's cautious stance on rate cuts. Meanwhile, the JPY is weak due to the Bank of Japan's dovish policies. This divergence in monetary policy supports a bullish outlook for USD/JPY. However, there is a mention of potential intervention by Japanese authorities if the yen weakens excessively, which could introduce volatility.
The technical analysis shows that the USD/JPY is currently in a consolidation phase on the 5-minute chart, with the price around 157.11. The moving averages indicate a consolidation, and momentum indicators are weak, suggesting no strong directional bias at the moment. Resistance is at 157.13, and support is at 157.025. The analysis suggests waiting for a breakout to confirm a trade direction.
Upcoming economic events include the US Initial Jobless Claims and Trade Balance reports. These could affect the USD/JPY pair, especially if the data deviates significantly from expectations. A higher-than-expected jobless claims figure could weaken the USD temporarily, while an improved trade balance could strengthen it. The market might remain cautious ahead of these releases, contributing to the current consolidation.Given the current consolidation phase and lack of strong momentum in the USD/JPY, it is prudent to wait for a clearer signal. The upcoming US economic data releases could provide the necessary catalyst for a breakout. A break above the resistance at 157.13 with strong momentum could trigger a buy opportunity, while a break below the support at 157.025 could suggest a sell. However, until such a breakout occurs, the market is likely to remain range-bound.",wait,0.0,0.0,0.0,0,pending,openai,,,,,,,,,2024-12-23 18:42:32+01:00
"The recent news indicates a strong dollar driven by high U.S. Treasury yields and the Federal Reserve's cautious stance on rate cuts, contrasting with the Bank of Japan's dovish policy, which weakens the yen. This suggests a bullish sentiment for the USD/JPY. However, concerns about potential intervention by Japanese authorities and geopolitical risks could introduce volatility. The market is influenced by diverging monetary policies, requiring close monitoring of economic indicators and central bank communications.
The 5-minute chart shows that after reaching a high around 157.13, the price has been consolidating and now shows a slight downward movement. The price is trading around the SMA50 (157.11) and the SMA10 (157.025), with the SMA20 (157.068) below the current price. The moving averages are relatively close, indicating a possible consolidation phase. The RSI is neutral, and the MACD is slightly negative, suggesting a possible bearish bias in the very short term. The ROC is positive but showing decreasing momentum. The 15-minute pivot points are significantly below the current price and not relevant for immediate short-term trading. The immediate resistance is 157.13, and the immediate support is the SMA10 around 157.025. The current sentiment is neutral to slightly bearish in the very short term. Based on the current price action, it is not advisable to initiate a trade at this moment. The price is consolidating, and there is no clear direction.
The upcoming economic events include the US Initial Jobless Claims and Trade Balance reports at 08:30, and the Factory Orders MoM report at 10:00. The jobless claims are forecasted to be slightly higher, while the Trade Balance is expected to show a reduced deficit. The Factory Orders are anticipated to show a modest increase. These events could influence USD/JPY movements, especially the jobless claims and trade balance figures. There is a significant time gap between the current time and these events, allowing traders to prepare for potential market movements.
Considering the recent news, technical analysis, and upcoming economic events, the current market condition is uncertain. The technical analysis indicates a consolidation phase with no clear direction, and the upcoming economic events could introduce volatility. Therefore, the best course of action is to wait for a clearer signal after the economic data is released. A trade cannot be confidently executed at this time.Based on the current analysis, the market is in a consolidation phase with no clear direction. The 5-minute chart shows choppy price action and weak momentum. The upcoming economic events could introduce volatility, making it risky to initiate a trade before their release. Therefore, the best course of action is to wait for a clearer signal after the economic data is released.",wait,0.0,0.0,0.0,1,pending,google,,,,,,,,,2024-12-23 18:42:40+01:00
"Recent news highlights a divergence in monetary policy between the U.S. Federal Reserve and the Bank of Japan, with the Fed's potential for future rate hikes supporting a stronger USD against the JPY. Market sentiment is cautiously bullish, and analysts predict a potential rise to the 160-165 range. However, there is a risk of Japanese intervention if the yen weakens excessively. This suggests a generally bullish outlook for USD/JPY, but with potential volatility due to intervention risks.
The technical analysis indicates a lack of strong directional momentum in the short term, as the 5-minute chart shows a choppy consolidation pattern. Key resistance is at 157.18, with support at 157.09. The price is currently in a neutral zone according to pivot points, and momentum indicators like the MACD and RSI suggest a potential pullback or consolidation. This suggests caution in executing trades until a breakout occurs.
There are no significant past economic events impacting the USD/JPY today, but upcoming U.S. economic data releases tomorrow, such as Initial Jobless Claims and Trade Balance, could influence volatility. These events could potentially impact the USD/JPY, especially if the data deviates from expectations, influencing the market sentiment and USD strength.Given the current consolidation pattern and lack of strong directional momentum, coupled with the upcoming U.S. economic data releases that could introduce volatility, it is prudent to adopt a wait-and-see approach. The technical indicators suggest potential pullback or consolidation, and the risk of Japanese intervention adds uncertainty. Waiting for a clear breakout from current levels or confirmation from economic data would provide a more informed entry point.",wait,0.0,0.0,0.0,3,pending,openai,,,,,,,,,2024-12-23 19:07:07+01:00
"The recent news indicates a bullish sentiment for USD/JPY due to interest rate differentials and strong US economic data. However, the potential for Japanese intervention and geopolitical risks could introduce volatility. The market sentiment is cautiously bullish, with some analysts predicting a rise to the 160-165 range. The short-term outlook suggests the pair is likely to remain elevated, but traders should be vigilant for signs of Japanese intervention or shifts in Fed policy. The medium-term outlook remains bullish, with forecasts suggesting the pair could exceed its 2023 highs. This information suggests a potential for a buy position, but the risk of intervention needs to be considered.
The technical analysis shows a consolidation pattern on the 5-minute chart after a bullish move. The price is fluctuating within a narrow range, indicating a lack of strong directional momentum in the short term. The price is trading above all moving averages, but the shorter-term averages are flattening, suggesting a potential weakening of upward momentum. The MACD histogram shows a decrease in positive momentum, and the RSI is trending downwards. The immediate resistance is around 157.18, and immediate support is around 157.09. The 15-minute pivot points show the current price at 157.161 is between the Pivot (P) at 156.763 and R1 at 157.569. This analysis suggests that a buy position could be considered if the price breaks above 157.18 with strong momentum, while a sell position could be considered if the price breaks below 157.09. However, the current price action is indecisive, and a trade cannot be confidently executed at this time.
The economic events show no past events for today and several future events scheduled for tomorrow morning, including US Initial Jobless Claims, Trade Balance, Factory Orders MoM, and Natural Gas Storage. The Initial Jobless Claims are forecasted at 210K, the Trade Balance is expected to remain at a deficit of -$65.0B, and Factory Orders are anticipated to rise by 0.2%. These events could introduce volatility into the market. The time gap between the current time and the upcoming events allows for preparation, but the lack of events today means the focus shifts to tomorrow's US economic indicators. This information suggests that waiting for the economic data release is prudent before making a trading decision. 
Considering all the factors, the current market conditions are indecisive with a consolidation pattern forming on the 5-minute chart. The overall trend is bullish, but short-term momentum is slowing. The upcoming economic events could introduce volatility. A buy position is considered if the price breaks above the immediate resistance at 157.18, indicating a continuation of the bullish trend. However, given the current indecisiveness and upcoming economic events, the confidence score is low. If the price breaks below 157.09, the strategy will be reassessed. Therefore, the strategy is to wait for a clear breakout before initiating a trade.The current market conditions are indecisive with a consolidation pattern forming on the 5-minute chart. The overall trend is bullish, but short-term momentum is slowing. The upcoming economic events could introduce volatility. A buy position is considered if the price breaks above the immediate resistance at 157.18, indicating a continuation of the bullish trend. However, given the current indecisiveness and upcoming economic events, the confidence score is low. If the price breaks below 157.09, the strategy will be reassessed. ",wait,157.18,157.569,157.09,2,pending,google,,,,,,,,,2024-12-23 19:07:15+01:00
